USE QLCH
--NHẬP CHI NHÁNH
INSERT INTO CHI_NHANH VALUES (1,'PanCham 1',N'227 Nguyễn Văn Cừ, Quận 5, Tp.HCM ');
INSERT INTO CHI_NHANH VALUES (2,'PanCham 2',N'15 Nguyễn Trãi, Quận 5, Tp.HCM');
INSERT INTO CHI_NHANH VALUES (3,'PanCham 3',N'98 An Dương Vương, Quận 5, Tp.HCM');
INSERT INTO CHI_NHANH VALUES (4,'PanCham 4',N'124 Nguyễn Thị MInh Khai, Quận 1, Tp.HCM');
INSERT INTO CHI_NHANH VALUES (5,'PanCham 5',N'7 Võ Văn Ngân, Quận Thủ Đức, Tp.HCM');
INSERT INTO CHI_NHANH VALUES (6,'PanCham 6',N'13 Nguyễn Gia Trí , Quận Bình Thạnh, Tp.HCM');
INSERT INTO CHI_NHANH VALUES (7,'PanCham 7',N'345 Điện Biên Phủ, Quận 3, Tp.HCM');
INSERT INTO CHI_NHANH VALUES (8,'PanCham 8',N'8 Lê Thị Riêng, Quận 1, Tp.HCM');
INSERT INTO CHI_NHANH VALUES (9,'PanCham 9',N'45 Mai Chí Thọ, Quận 2, Tp.HCM');
INSERT INTO CHI_NHANH VALUES (10,'PanCham 10',N'186 Lê Văn Việt, Quận 9, Tp.HCM');
INSERT INTO CHI_NHANH VALUES (11,'PanCham 11',N'27 Tôn Đản, Quận 4, Tp.HCM');
--NHẬP DANH MỤC SP
INSERT INTO DANH_MUC_SP VALUES (1, N'Nước ngọt');
INSERT INTO DANH_MUC_SP VALUES (2, N'Bia rượu');
INSERT INTO DANH_MUC_SP VALUES (3, N'Bánh ngọt');
INSERT INTO DANH_MUC_SP VALUES (4, N'Snack');
INSERT INTO DANH_MUC_SP VALUES (5, N'Kẹo');
INSERT INTO DANH_MUC_SP VALUES (6, N'Kem');
INSERT INTO DANH_MUC_SP VALUES (7, N'Nước suối');
--NHẬP SẢN PHẨM
INSERT INTO SAN_PHAM VALUES (1, N'Pepsi', 1, 7000 );
INSERT INTO SAN_PHAM VALUES (2, N'Sting', 1, 10000 );
INSERT INTO SAN_PHAM VALUES (3, N'Mountain Dew', 1, 10000 );
INSERT INTO SAN_PHAM VALUES (4, N'Aquafina', 7, 5000 );
INSERT INTO SAN_PHAM VALUES (5, N'Tropicana Twister', 1, 10000 );
INSERT INTO SAN_PHAM VALUES (6, N'7-up', 1, 8000 );
INSERT INTO SAN_PHAM VALUES (7, N'7-up Revive', 1, 10000 );
INSERT INTO SAN_PHAM VALUES (8, N'Tea Plus', 1, 10000 );
INSERT INTO SAN_PHAM VALUES (9, N'Mirinda', 1, 8000 );
INSERT INTO SAN_PHAM VALUES (10, N'Lipton', 1, 9000 );
INSERT INTO SAN_PHAM VALUES (11, N'C.C.Lemon', 1, 8000 );
INSERT INTO SAN_PHAM VALUES (12, N'Saigon Special', 2, 20000 );
INSERT INTO SAN_PHAM VALUES (13, N'Saigon Export', 2, 18000 );
INSERT INTO SAN_PHAM VALUES (14, N'Saigon Lager', 2, 26000 );
INSERT INTO SAN_PHAM VALUES (15, N'333', 2, 14000 );
INSERT INTO SAN_PHAM VALUES (16, N'Saigon Gold', 2, 16000 );
INSERT INTO SAN_PHAM VALUES (17, N'Bia Larue', 2, 20000 );
INSERT INTO SAN_PHAM VALUES (18, N'Bia Corona Extra', 2, 19000 );
INSERT INTO SAN_PHAM VALUES (19, N'Bia Budweiser', 2, 19000 );
INSERT INTO SAN_PHAM VALUES (20, N'Tiger Crystal Beer', 2, 21000 );
INSERT INTO SAN_PHAM VALUES (21, N'Bia Sapporo Premium Beer', 2, 22000 );
INSERT INTO SAN_PHAM VALUES (22, N'Lager Beer', 2, 24000 );
INSERT INTO SAN_PHAM VALUES (23, N'Hanoi Beer Premium', 2, 19000 );
INSERT INTO SAN_PHAM VALUES (24, N'Bánh quy Henry Lambertz', 3, 33000 );
INSERT INTO SAN_PHAM VALUES (25, N'Bánh quy LU', 3, 23000 );
INSERT INTO SAN_PHAM VALUES (26, N'Bánh Goute mè', 3, 18000 );
INSERT INTO SAN_PHAM VALUES (27, N'Bánh quy Impression', 3, 14000 );
INSERT INTO SAN_PHAM VALUES (28, N'Bánh trứng Tipo', 3, 14000 );
INSERT INTO SAN_PHAM VALUES (29, N'Bánh quy bơ Danisa', 3, 12000 );
INSERT INTO SAN_PHAM VALUES (30, N'Bánh quy vị cà phê ', 3, 11000 );
INSERT INTO SAN_PHAM VALUES (31, N'Bánh cookies Gold Daisy ', 3, 9000 );
INSERT INTO SAN_PHAM VALUES (32, N'Bánh xốp Kit Kat', 3, 67000 );
INSERT INTO SAN_PHAM VALUES (33, N'Snack bắp ngọt', 4, 5000 );
INSERT INTO SAN_PHAM VALUES (34, N'Snack cà chua', 4, 5000 );
INSERT INTO SAN_PHAM VALUES (35, N'Snack nhân đậu phộng', 4, 5000 );
INSERT INTO SAN_PHAM VALUES (36, N'Snack tôm cay', 4, 5000 );
INSERT INTO SAN_PHAM VALUES (37, N'Snack khoai tây vị muối ', 4, 5000 );
INSERT INTO SAN_PHAM VALUES (38, N'Bánh phồng mực ', 4, 5000 );
INSERT INTO SAN_PHAM VALUES (39, N'Snack bí đỏ ', 4, 5000 );
INSERT INTO SAN_PHAM VALUES (40, N'Snack cua vị sốt chua', 4, 5000 );
INSERT INTO SAN_PHAM VALUES (41, N'Snack pho mát miếng', 4, 5000 );
INSERT INTO SAN_PHAM VALUES (42, N'Kẹo sô cô la hạnh nhân', 5, 7000 );
INSERT INTO SAN_PHAM VALUES (43, N'Kẹo caramel', 5, 15000 );
INSERT INTO SAN_PHAM VALUES (44, N'Kẹo sô cô la sữa ', 5, 8000 );
INSERT INTO SAN_PHAM VALUES (45, N'Kẹo gum không đường ', 5, 6000 );
INSERT INTO SAN_PHAM VALUES (46, N'Kẹo mềm Toffees', 5, 11000 );
INSERT INTO SAN_PHAM VALUES (47, N'Kẹo Chewy', 5, 15000 );
INSERT INTO SAN_PHAM VALUES (48, N'Kẹo sữa caramen', 5, 25000 );
INSERT INTO SAN_PHAM VALUES (49, N'Kẹo Teddy Marshmallows ', 5, 21000 );
INSERT INTO SAN_PHAM VALUES (50, N'Kẹo hương dâu kem', 5, 23000 );
INSERT INTO SAN_PHAM VALUES (51, N'Kem dừa Vinamilk', 6, 55000 );
INSERT INTO SAN_PHAM VALUES (52, N'Kem dâu Vinamilk', 6, 55000 );
INSERT INTO SAN_PHAM VALUES (53, N'Kem sầu riêng Vinamilk', 6, 55000 );
INSERT INTO SAN_PHAM VALUES (54, N'Kem sô cô la Vinamilk', 6, 55000 );
INSERT INTO SAN_PHAM VALUES (55, N'Kem khai môn Vinamilk', 6, 55000 );
INSERT INTO SAN_PHAM VALUES (56, N'Kem vani Vinamilk', 6, 55000 );
INSERT INTO SAN_PHAM VALUES (57, N'Kem hộp Nestlé sô cô la ', 6, 70000 );
INSERT INTO SAN_PHAM VALUES (58, N'Kem Nestlé OREO', 6, 61000 );
INSERT INTO SAN_PHAM VALUES (59, N'Kem cây dâu tươi', 6, 15000 );
INSERT INTO SAN_PHAM VALUES (60, N'Kem milo', 6, 10000 );
INSERT INTO SAN_PHAM VALUES (61, N'Nước suối Bidrico', 7, 5000 );
INSERT INTO SAN_PHAM VALUES (62, N'Nước suối Vĩnh Hảo', 7, 5000 );
INSERT INTO SAN_PHAM VALUES (63, N'Nước khoáng Lavie', 7, 5000 );
INSERT INTO SAN_PHAM VALUES (64, N'Nước suối Danisa', 7, 5000 );
--NHẬP NHÂN VIÊN
INSERT INTO NHAN_VIEN VALUES (1, N'Kỳ Tuấn Khang','1999/09/02','Nam','0905014462',N'117 Nghĩa Thục Quận 5',5000000,1,1);
INSERT INTO NHAN_VIEN VALUES (2, N'Huỳnh Hửu Dự','1999/01/01','Nam','0216017862',N'5 Dương Bá Trạc Quận 8',15000000,1,0);
INSERT INTO NHAN_VIEN VALUES (3, N'Tạ Vĩnh Phúc','1999/12/07','Nam','0531575321',N'103 Bùi Thị Xuân Quận 1',5000000,2,1);
INSERT INTO NHAN_VIEN VALUES (4, N'Trần Thiên Quàng','1999/8/5','Nam','5713289453',N'45 Trần Tuấn Khải Quận 5',5000000,3,1);
INSERT INTO NHAN_VIEN VALUES (5, N'Trần Văn Hạo Nam','1999/4/27','Nam','1254786444',N'145 Huỳnh Mẫn Đạt Quận 5',5000000,4,1);
INSERT INTO NHAN_VIEN VALUES (6, N'Hường Giống Ngọc','1999/9/29',N'Nữ','3201567152',N'8 Dân Chủ Quận Thủ Đức',5000000,5,1);
INSERT INTO NHAN_VIEN VALUES (7, N'Mai Quốc Khánh','1999/3/12','Nam','0451384652',N'144 Sư Vạn Hạnh Quận 10',5000000,6,1);
INSERT INTO NHAN_VIEN VALUES (8, N'Mai Kim Trí','1999/2/15',N'Nữ','9875412541',N'78 An Bình Quận 5',5000000,7,1);
INSERT INTO NHAN_VIEN VALUES (9, N'Lâm Cốt Đức','1999/11/15','Nam','6487473100',N'32 Nguyễn Văn Cừ Quận 1',5000000,8,1);
INSERT INTO NHAN_VIEN VALUES (10, N'Chung Văn Gió','1999/12/01','Nam','1234567890',N'98 Hồ Tùng Mậu Quận 1',5000000,9,1);
INSERT INTO NHAN_VIEN VALUES (11, N'Nguyễn Thị Uyên','1999/12/18',N'Nữ','7419536452',N'4 Phan Xích Long Quận Phú Nhuận',5000000,10,1);
INSERT INTO NHAN_VIEN VALUES (12, N'Lê Văn Trâm','1999/7/30',N'Nữ','1345798420',N'147 Lê Văn Sỹ Quận 3',5000000,11,1);
--NHẬP TÀI KHOẢN
INSERT INTO TAI_KHOAN VALUES ('ceo','123',2)
INSERT INTO TAI_KHOAN VALUES ('pancham1','123',1)
INSERT INTO TAI_KHOAN VALUES ('pancham2','123',3)
INSERT INTO TAI_KHOAN VALUES ('pancham3','123',4)
INSERT INTO TAI_KHOAN VALUES ('pancham4','123',5)
INSERT INTO TAI_KHOAN VALUES ('pancham5','123',6)
INSERT INTO TAI_KHOAN VALUES ('pancham6','123',7)
INSERT INTO TAI_KHOAN VALUES ('pancham7','123',8)
INSERT INTO TAI_KHOAN VALUES ('pancham9','123',10)
INSERT INTO TAI_KHOAN VALUES ('pancham10','123',11)
INSERT INTO TAI_KHOAN VALUES ('pancham11','123',12)
--NHẬP TỪNG SẢN PHẨM CHO TỪNG CỬA HÀNG
--THÊM SẢN PHẨM CHI NHÁNH 1
INSERT INTO SP_CN VALUES (2,1,100);
INSERT INTO SP_CN VALUES (3,1,100);
INSERT INTO SP_CN VALUES (5,1,100);
INSERT INTO SP_CN VALUES (7,1,100);
INSERT INTO SP_CN VALUES (8,1,100);
INSERT INTO SP_CN VALUES (9,1,100);
INSERT INTO SP_CN VALUES (10,1,100);
INSERT INTO SP_CN VALUES (12,1,100);
INSERT INTO SP_CN VALUES (14,1,100);
INSERT INTO SP_CN VALUES (15,1,100);
INSERT INTO SP_CN VALUES (16,1,100);
INSERT INTO SP_CN VALUES (17,1,100);
INSERT INTO SP_CN VALUES (18,1,100);
INSERT INTO SP_CN VALUES (19,1,100);
INSERT INTO SP_CN VALUES (21,1,100);
INSERT INTO SP_CN VALUES (23,1,100);
INSERT INTO SP_CN VALUES (27,1,100);
INSERT INTO SP_CN VALUES (28,1,100);
INSERT INTO SP_CN VALUES (29,1,100);
INSERT INTO SP_CN VALUES (30,1,100);
INSERT INTO SP_CN VALUES (31,1,100);
INSERT INTO SP_CN VALUES (34,1,100);
INSERT INTO SP_CN VALUES (35,1,100);
INSERT INTO SP_CN VALUES (36,1,100);
INSERT INTO SP_CN VALUES (39,1,100);
INSERT INTO SP_CN VALUES (40,1,100);
INSERT INTO SP_CN VALUES (45,1,100);
INSERT INTO SP_CN VALUES (49,1,100);
INSERT INTO SP_CN VALUES (54,1,100);
INSERT INTO SP_CN VALUES (59,1,100);
INSERT INTO SP_CN VALUES (60,1,100);
INSERT INTO SP_CN VALUES (61,1,100);
INSERT INTO SP_CN VALUES (62,1,100);
INSERT INTO SP_CN VALUES (63,1,100);
INSERT INTO SP_CN VALUES (64,1,100);
INSERT INTO SP_CN VALUES (24,1,100);
INSERT INTO SP_CN VALUES (25,1,100);
INSERT INTO SP_CN VALUES (26,1,100);
INSERT INTO SP_CN VALUES (32,1,100);
INSERT INTO SP_CN VALUES (33,1,100);
--THÊM SẢN PHẨM CHI NHÁNH 2
INSERT INTO SP_CN VALUES (1,2,100);
INSERT INTO SP_CN VALUES (4,2,100);
INSERT INTO SP_CN VALUES (6,2,100);
INSERT INTO SP_CN VALUES (10,2,100);
INSERT INTO SP_CN VALUES (11,2,100);
INSERT INTO SP_CN VALUES (15,2,100);
INSERT INTO SP_CN VALUES (17,2,100);
INSERT INTO SP_CN VALUES (20,2,100);
INSERT INTO SP_CN VALUES (21,2,100);
INSERT INTO SP_CN VALUES (25,2,100);
INSERT INTO SP_CN VALUES (26,2,100);
INSERT INTO SP_CN VALUES (27,2,100);
INSERT INTO SP_CN VALUES (28,2,100);
INSERT INTO SP_CN VALUES (30,2,100);
INSERT INTO SP_CN VALUES (31,2,100);
INSERT INTO SP_CN VALUES (34,2,100);
INSERT INTO SP_CN VALUES (35,2,100);
INSERT INTO SP_CN VALUES (37,2,100);
INSERT INTO SP_CN VALUES (39,2,100);
INSERT INTO SP_CN VALUES (40,2,100);
INSERT INTO SP_CN VALUES (41,2,100);
INSERT INTO SP_CN VALUES (42,2,100);
INSERT INTO SP_CN VALUES (43,2,100);
INSERT INTO SP_CN VALUES (44,2,100);
INSERT INTO SP_CN VALUES (45,2,100);
INSERT INTO SP_CN VALUES (46,2,100);
INSERT INTO SP_CN VALUES (47,2,100);
INSERT INTO SP_CN VALUES (48,2,100);
INSERT INTO SP_CN VALUES (49,2,100);
INSERT INTO SP_CN VALUES (50,2,100);
INSERT INTO SP_CN VALUES (51,2,100);
INSERT INTO SP_CN VALUES (52,2,100);
INSERT INTO SP_CN VALUES (53,2,100);
INSERT INTO SP_CN VALUES (54,2,100);
INSERT INTO SP_CN VALUES (55,2,100);
INSERT INTO SP_CN VALUES (56,2,100);
INSERT INTO SP_CN VALUES (57,2,100);
INSERT INTO SP_CN VALUES (58,2,100);
INSERT INTO SP_CN VALUES (60,2,100);
INSERT INTO SP_CN VALUES (62,2,100);
--THÊM SẢN PHẨM CHI NHÁNH 3
INSERT INTO SP_CN VALUES (4,3,100);
INSERT INTO SP_CN VALUES (5,3,100);
INSERT INTO SP_CN VALUES (7,3,100);
INSERT INTO SP_CN VALUES (10,3,100);
INSERT INTO SP_CN VALUES (13,3,100);
INSERT INTO SP_CN VALUES (14,3,100);
INSERT INTO SP_CN VALUES (19,3,100);
INSERT INTO SP_CN VALUES (20,3,100);
INSERT INTO SP_CN VALUES (21,3,100);
INSERT INTO SP_CN VALUES (24,3,100);
INSERT INTO SP_CN VALUES (25,3,100);
INSERT INTO SP_CN VALUES (29,3,100);
INSERT INTO SP_CN VALUES (28,3,100);
INSERT INTO SP_CN VALUES (30,3,100);
INSERT INTO SP_CN VALUES (31,3,100);
INSERT INTO SP_CN VALUES (34,3,100);
INSERT INTO SP_CN VALUES (35,3,100);
INSERT INTO SP_CN VALUES (37,3,100);
INSERT INTO SP_CN VALUES (39,3,100);
INSERT INTO SP_CN VALUES (40,3,100);
INSERT INTO SP_CN VALUES (41,3,100);
INSERT INTO SP_CN VALUES (42,3,100);
INSERT INTO SP_CN VALUES (43,3,100);
INSERT INTO SP_CN VALUES (44,3,100);
INSERT INTO SP_CN VALUES (45,3,100);
INSERT INTO SP_CN VALUES (46,3,100);
INSERT INTO SP_CN VALUES (47,3,100);
INSERT INTO SP_CN VALUES (48,3,100);
INSERT INTO SP_CN VALUES (49,3,100);
INSERT INTO SP_CN VALUES (50,3,100);
INSERT INTO SP_CN VALUES (51,3,100);
INSERT INTO SP_CN VALUES (52,3,100);
INSERT INTO SP_CN VALUES (53,3,100);
INSERT INTO SP_CN VALUES (54,3,100);
INSERT INTO SP_CN VALUES (55,3,100);
INSERT INTO SP_CN VALUES (56,3,100);
INSERT INTO SP_CN VALUES (57,3,100);
INSERT INTO SP_CN VALUES (58,3,100);
INSERT INTO SP_CN VALUES (60,3,100);
INSERT INTO SP_CN VALUES (62,3,100);
--THÊM SẢN PHẨM CHI NHÁNH 4
INSERT INTO SP_CN VALUES (1,4,100);
INSERT INTO SP_CN VALUES (2,4,100);
INSERT INTO SP_CN VALUES (3,4,100);
INSERT INTO SP_CN VALUES (4,4,100);
INSERT INTO SP_CN VALUES (5,4,100);
INSERT INTO SP_CN VALUES (6,4,100);
INSERT INTO SP_CN VALUES (7,4,100);
INSERT INTO SP_CN VALUES (8,4,100);
INSERT INTO SP_CN VALUES (9,4,100);
INSERT INTO SP_CN VALUES (10,4,100);
INSERT INTO SP_CN VALUES (11,4,100);
INSERT INTO SP_CN VALUES (12,4,100);
INSERT INTO SP_CN VALUES (13,4,100);
INSERT INTO SP_CN VALUES (15,4,100);
INSERT INTO SP_CN VALUES (16,4,100);
INSERT INTO SP_CN VALUES (19,4,100);
INSERT INTO SP_CN VALUES (21,4,100);
INSERT INTO SP_CN VALUES (22,4,100);
INSERT INTO SP_CN VALUES (26,4,100);
INSERT INTO SP_CN VALUES (27,4,100);
INSERT INTO SP_CN VALUES (28,4,100);
INSERT INTO SP_CN VALUES (29,4,100);
INSERT INTO SP_CN VALUES (30,4,100);
INSERT INTO SP_CN VALUES (32,4,100);
INSERT INTO SP_CN VALUES (33,4,100);
INSERT INTO SP_CN VALUES (34,4,100);
INSERT INTO SP_CN VALUES (36,4,100);
INSERT INTO SP_CN VALUES (37,4,100);
INSERT INTO SP_CN VALUES (39,4,100);
INSERT INTO SP_CN VALUES (40,4,100);
INSERT INTO SP_CN VALUES (41,4,100);
INSERT INTO SP_CN VALUES (42,4,100);
INSERT INTO SP_CN VALUES (44,4,100);
INSERT INTO SP_CN VALUES (49,4,100);
INSERT INTO SP_CN VALUES (51,4,100);
INSERT INTO SP_CN VALUES (57,4,100);
INSERT INTO SP_CN VALUES (59,4,100);
INSERT INTO SP_CN VALUES (60,4,100);
INSERT INTO SP_CN VALUES (61,4,100);
INSERT INTO SP_CN VALUES (63,4,100);
--THÊM SẢN PHẨM CHI NHÁNH 5
INSERT INTO SP_CN VALUES (1,5,100);
INSERT INTO SP_CN VALUES (2,5,100);
INSERT INTO SP_CN VALUES (3,5,100);
INSERT INTO SP_CN VALUES (4,5,100);
INSERT INTO SP_CN VALUES (5,5,100);
INSERT INTO SP_CN VALUES (6,5,100);
INSERT INTO SP_CN VALUES (7,5,100);
INSERT INTO SP_CN VALUES (8,5,100);
INSERT INTO SP_CN VALUES (9,5,100);
INSERT INTO SP_CN VALUES (10,5,100);
INSERT INTO SP_CN VALUES (11,5,100);
INSERT INTO SP_CN VALUES (12,5,100);
INSERT INTO SP_CN VALUES (13,5,100);
INSERT INTO SP_CN VALUES (14,5,100);
INSERT INTO SP_CN VALUES (15,5,100);
INSERT INTO SP_CN VALUES (16,5,100);
INSERT INTO SP_CN VALUES (17,5,100);
INSERT INTO SP_CN VALUES (18,5,100);
INSERT INTO SP_CN VALUES (19,5,100);
INSERT INTO SP_CN VALUES (20,5,100);
INSERT INTO SP_CN VALUES (21,5,100);
INSERT INTO SP_CN VALUES (22,5,100);
INSERT INTO SP_CN VALUES (23,5,100);
INSERT INTO SP_CN VALUES (24,5,100);
INSERT INTO SP_CN VALUES (25,5,100);
INSERT INTO SP_CN VALUES (26,5,100);
INSERT INTO SP_CN VALUES (27,5,100);
INSERT INTO SP_CN VALUES (28,5,100);
INSERT INTO SP_CN VALUES (29,5,100);
INSERT INTO SP_CN VALUES (30,5,100);
INSERT INTO SP_CN VALUES (31,5,100);
INSERT INTO SP_CN VALUES (32,5,100);
INSERT INTO SP_CN VALUES (33,5,100);
INSERT INTO SP_CN VALUES (34,5,100);
INSERT INTO SP_CN VALUES (35,5,100);
INSERT INTO SP_CN VALUES (36,5,100);
INSERT INTO SP_CN VALUES (37,5,100);
INSERT INTO SP_CN VALUES (38,5,100);
INSERT INTO SP_CN VALUES (39,5,100);
INSERT INTO SP_CN VALUES (40,5,100);
--THÊM SẢN PHẨM CHI NHÁNH 6
INSERT INTO SP_CN VALUES (5,6,100);
INSERT INTO SP_CN VALUES (6,6,100);
INSERT INTO SP_CN VALUES (7,6,100);
INSERT INTO SP_CN VALUES (8,6,100);
INSERT INTO SP_CN VALUES (9,6,100);
INSERT INTO SP_CN VALUES (10,6,100);
INSERT INTO SP_CN VALUES (11,6,100);
INSERT INTO SP_CN VALUES (12,6,100);
INSERT INTO SP_CN VALUES (13,6,100);
INSERT INTO SP_CN VALUES (14,6,100);
INSERT INTO SP_CN VALUES (15,6,100);
INSERT INTO SP_CN VALUES (16,6,100);
INSERT INTO SP_CN VALUES (17,6,100);
INSERT INTO SP_CN VALUES (18,6,100);
INSERT INTO SP_CN VALUES (19,6,100);
INSERT INTO SP_CN VALUES (20,6,100);
INSERT INTO SP_CN VALUES (21,6,100);
INSERT INTO SP_CN VALUES (22,6,100);
INSERT INTO SP_CN VALUES (23,6,100);
INSERT INTO SP_CN VALUES (25,6,100);
INSERT INTO SP_CN VALUES (26,6,100);
INSERT INTO SP_CN VALUES (28,6,100);
INSERT INTO SP_CN VALUES (29,6,100);
INSERT INTO SP_CN VALUES (30,6,100);
INSERT INTO SP_CN VALUES (31,6,100);
INSERT INTO SP_CN VALUES (32,6,100);
INSERT INTO SP_CN VALUES (33,6,100);
INSERT INTO SP_CN VALUES (35,6,100);
INSERT INTO SP_CN VALUES (36,6,100);
INSERT INTO SP_CN VALUES (40,6,100);
INSERT INTO SP_CN VALUES (41,6,100);
INSERT INTO SP_CN VALUES (45,6,100);
INSERT INTO SP_CN VALUES (46,6,100);
INSERT INTO SP_CN VALUES (47,6,100);
INSERT INTO SP_CN VALUES (48,6,100);
INSERT INTO SP_CN VALUES (50,6,100);
INSERT INTO SP_CN VALUES (51,6,100);
INSERT INTO SP_CN VALUES (52,6,100);
INSERT INTO SP_CN VALUES (53,6,100);
INSERT INTO SP_CN VALUES (55,6,100);
--THÊM SẢN PHẨM CHI NHÁNH 7
INSERT INTO SP_CN VALUES (2,7,100);
INSERT INTO SP_CN VALUES (3,7,100);
INSERT INTO SP_CN VALUES (5,7,100);
INSERT INTO SP_CN VALUES (7,7,100);
INSERT INTO SP_CN VALUES (8,7,100);
INSERT INTO SP_CN VALUES (9,7,100);
INSERT INTO SP_CN VALUES (10,7,100);
INSERT INTO SP_CN VALUES (12,7,100);
INSERT INTO SP_CN VALUES (14,7,100);
INSERT INTO SP_CN VALUES (15,7,100);
INSERT INTO SP_CN VALUES (16,7,100);
INSERT INTO SP_CN VALUES (17,7,100);
INSERT INTO SP_CN VALUES (18,7,100);
INSERT INTO SP_CN VALUES (19,7,100);
INSERT INTO SP_CN VALUES (21,7,100);
INSERT INTO SP_CN VALUES (23,7,100);
INSERT INTO SP_CN VALUES (27,7,100);
INSERT INTO SP_CN VALUES (28,7,100);
INSERT INTO SP_CN VALUES (29,7,100);
INSERT INTO SP_CN VALUES (30,7,100);
INSERT INTO SP_CN VALUES (31,7,100);
INSERT INTO SP_CN VALUES (34,7,100);
INSERT INTO SP_CN VALUES (35,7,100);
INSERT INTO SP_CN VALUES (36,7,100);
INSERT INTO SP_CN VALUES (39,7,100);
INSERT INTO SP_CN VALUES (40,7,100);
INSERT INTO SP_CN VALUES (45,7,100);
INSERT INTO SP_CN VALUES (49,7,100);
INSERT INTO SP_CN VALUES (54,7,100);
INSERT INTO SP_CN VALUES (59,7,100);
INSERT INTO SP_CN VALUES (60,7,100);
INSERT INTO SP_CN VALUES (61,7,100);
INSERT INTO SP_CN VALUES (62,7,100);
INSERT INTO SP_CN VALUES (63,7,100);
INSERT INTO SP_CN VALUES (64,7,100);
INSERT INTO SP_CN VALUES (24,7,100);
INSERT INTO SP_CN VALUES (25,7,100);
INSERT INTO SP_CN VALUES (26,7,100);
INSERT INTO SP_CN VALUES (32,7,100);
INSERT INTO SP_CN VALUES (33,7,100);
--THÊM SẢN PHẨM CHI NHÁNH 8
INSERT INTO SP_CN VALUES (1,8,100);
INSERT INTO SP_CN VALUES (4,8,100);
INSERT INTO SP_CN VALUES (6,8,100);
INSERT INTO SP_CN VALUES (10,8,100);
INSERT INTO SP_CN VALUES (11,8,100);
INSERT INTO SP_CN VALUES (15,8,100);
INSERT INTO SP_CN VALUES (17,8,100);
INSERT INTO SP_CN VALUES (20,8,100);
INSERT INTO SP_CN VALUES (21,8,100);
INSERT INTO SP_CN VALUES (25,8,100);
INSERT INTO SP_CN VALUES (26,8,100);
INSERT INTO SP_CN VALUES (27,8,100);
INSERT INTO SP_CN VALUES (28,8,100);
INSERT INTO SP_CN VALUES (30,8,100);
INSERT INTO SP_CN VALUES (31,8,100);
INSERT INTO SP_CN VALUES (34,8,100);
INSERT INTO SP_CN VALUES (35,8,100);
INSERT INTO SP_CN VALUES (37,8,100);
INSERT INTO SP_CN VALUES (39,8,100);
INSERT INTO SP_CN VALUES (40,8,100);
INSERT INTO SP_CN VALUES (41,8,100);
INSERT INTO SP_CN VALUES (42,8,100);
INSERT INTO SP_CN VALUES (43,8,100);
INSERT INTO SP_CN VALUES (44,8,100);
INSERT INTO SP_CN VALUES (45,8,100);
INSERT INTO SP_CN VALUES (46,8,100);
INSERT INTO SP_CN VALUES (47,8,100);
INSERT INTO SP_CN VALUES (48,8,100);
INSERT INTO SP_CN VALUES (49,8,100);
INSERT INTO SP_CN VALUES (50,8,100);
INSERT INTO SP_CN VALUES (51,8,100);
INSERT INTO SP_CN VALUES (52,8,100);
INSERT INTO SP_CN VALUES (53,8,100);
INSERT INTO SP_CN VALUES (54,8,100);
INSERT INTO SP_CN VALUES (55,8,100);
INSERT INTO SP_CN VALUES (56,8,100);
INSERT INTO SP_CN VALUES (57,8,100);
INSERT INTO SP_CN VALUES (58,8,100);
INSERT INTO SP_CN VALUES (60,8,100);
INSERT INTO SP_CN VALUES (62,8,100);
--THÊM SẢN PHẨM CHI NHÁNH 9
INSERT INTO SP_CN VALUES (4,9,100);
INSERT INTO SP_CN VALUES (5,9,100);
INSERT INTO SP_CN VALUES (7,9,100);
INSERT INTO SP_CN VALUES (10,9,100);
INSERT INTO SP_CN VALUES (13,9,100);
INSERT INTO SP_CN VALUES (14,9,100);
INSERT INTO SP_CN VALUES (19,9,100);
INSERT INTO SP_CN VALUES (20,9,100);
INSERT INTO SP_CN VALUES (21,9,100);
INSERT INTO SP_CN VALUES (24,9,100);
INSERT INTO SP_CN VALUES (25,9,100);
INSERT INTO SP_CN VALUES (29,9,100);
INSERT INTO SP_CN VALUES (28,9,100);
INSERT INTO SP_CN VALUES (30,9,100);
INSERT INTO SP_CN VALUES (31,9,100);
INSERT INTO SP_CN VALUES (34,9,100);
INSERT INTO SP_CN VALUES (35,9,100);
INSERT INTO SP_CN VALUES (37,9,100);
INSERT INTO SP_CN VALUES (39,9,100);
INSERT INTO SP_CN VALUES (40,9,100);
INSERT INTO SP_CN VALUES (41,9,100);
INSERT INTO SP_CN VALUES (42,9,100);
INSERT INTO SP_CN VALUES (43,9,100);
INSERT INTO SP_CN VALUES (44,9,100);
INSERT INTO SP_CN VALUES (45,9,100);
INSERT INTO SP_CN VALUES (46,9,100);
INSERT INTO SP_CN VALUES (47,9,100);
INSERT INTO SP_CN VALUES (48,9,100);
INSERT INTO SP_CN VALUES (49,9,100);
INSERT INTO SP_CN VALUES (50,9,100);
INSERT INTO SP_CN VALUES (51,9,100);
INSERT INTO SP_CN VALUES (52,9,100);
INSERT INTO SP_CN VALUES (53,9,100);
INSERT INTO SP_CN VALUES (54,9,100);
INSERT INTO SP_CN VALUES (55,9,100);
INSERT INTO SP_CN VALUES (56,9,100);
INSERT INTO SP_CN VALUES (57,9,100);
INSERT INTO SP_CN VALUES (58,9,100);
INSERT INTO SP_CN VALUES (60,9,100);
INSERT INTO SP_CN VALUES (62,9,100);
--THÊM SẢN PHẨM CHI NHÁNH 10
INSERT INTO SP_CN VALUES (1,10,100);
INSERT INTO SP_CN VALUES (2,10,100);
INSERT INTO SP_CN VALUES (3,10,100);
INSERT INTO SP_CN VALUES (4,10,100);
INSERT INTO SP_CN VALUES (5,10,100);
INSERT INTO SP_CN VALUES (6,10,100);
INSERT INTO SP_CN VALUES (7,10,100);
INSERT INTO SP_CN VALUES (8,10,100);
INSERT INTO SP_CN VALUES (9,10,100);
INSERT INTO SP_CN VALUES (10,10,100);
INSERT INTO SP_CN VALUES (11,10,100);
INSERT INTO SP_CN VALUES (12,10,100);
INSERT INTO SP_CN VALUES (13,10,100);
INSERT INTO SP_CN VALUES (15,10,100);
INSERT INTO SP_CN VALUES (16,10,100);
INSERT INTO SP_CN VALUES (19,10,100);
INSERT INTO SP_CN VALUES (21,10,100);
INSERT INTO SP_CN VALUES (22,10,100);
INSERT INTO SP_CN VALUES (26,10,100);
INSERT INTO SP_CN VALUES (27,10,100);
INSERT INTO SP_CN VALUES (28,10,100);
INSERT INTO SP_CN VALUES (29,10,100);
INSERT INTO SP_CN VALUES (30,10,100);
INSERT INTO SP_CN VALUES (32,10,100);
INSERT INTO SP_CN VALUES (33,10,100);
INSERT INTO SP_CN VALUES (34,10,100);
INSERT INTO SP_CN VALUES (36,10,100);
INSERT INTO SP_CN VALUES (37,10,100);
INSERT INTO SP_CN VALUES (39,10,100);
INSERT INTO SP_CN VALUES (40,10,100);
INSERT INTO SP_CN VALUES (41,10,100);
INSERT INTO SP_CN VALUES (42,10,100);
INSERT INTO SP_CN VALUES (44,10,100);
INSERT INTO SP_CN VALUES (49,10,100);
INSERT INTO SP_CN VALUES (51,10,100);
INSERT INTO SP_CN VALUES (57,10,100);
INSERT INTO SP_CN VALUES (59,10,100);
INSERT INTO SP_CN VALUES (60,10,100);
INSERT INTO SP_CN VALUES (61,10,100);
INSERT INTO SP_CN VALUES (63,10,100);
--THÊM SẢN PHẨM CHI NHÁNH 11
INSERT INTO SP_CN VALUES (1,11,100);
INSERT INTO SP_CN VALUES (2,11,100);
INSERT INTO SP_CN VALUES (3,11,100);
INSERT INTO SP_CN VALUES (4,11,100);
INSERT INTO SP_CN VALUES (5,11,100);
INSERT INTO SP_CN VALUES (6,11,100);
INSERT INTO SP_CN VALUES (7,11,100);
INSERT INTO SP_CN VALUES (8,11,100);
INSERT INTO SP_CN VALUES (9,11,100);
INSERT INTO SP_CN VALUES (10,11,100);
INSERT INTO SP_CN VALUES (11,11,100);
INSERT INTO SP_CN VALUES (12,11,100);
INSERT INTO SP_CN VALUES (13,11,100);
INSERT INTO SP_CN VALUES (14,11,100);
INSERT INTO SP_CN VALUES (15,11,100);
INSERT INTO SP_CN VALUES (16,11,100);
INSERT INTO SP_CN VALUES (17,11,100);
INSERT INTO SP_CN VALUES (18,11,100);
INSERT INTO SP_CN VALUES (19,11,100);
INSERT INTO SP_CN VALUES (20,11,100);
INSERT INTO SP_CN VALUES (21,11,100);
INSERT INTO SP_CN VALUES (22,11,100);
INSERT INTO SP_CN VALUES (23,11,100);
INSERT INTO SP_CN VALUES (24,11,100);
INSERT INTO SP_CN VALUES (25,11,100);
INSERT INTO SP_CN VALUES (26,11,100);
INSERT INTO SP_CN VALUES (27,11,100);
INSERT INTO SP_CN VALUES (28,11,100);
INSERT INTO SP_CN VALUES (29,11,100);
INSERT INTO SP_CN VALUES (30,11,100);
INSERT INTO SP_CN VALUES (31,11,100);
INSERT INTO SP_CN VALUES (32,11,100);
INSERT INTO SP_CN VALUES (33,11,100);
INSERT INTO SP_CN VALUES (34,11,100);
INSERT INTO SP_CN VALUES (35,11,100);
INSERT INTO SP_CN VALUES (36,11,100);
INSERT INTO SP_CN VALUES (37,11,100);
INSERT INTO SP_CN VALUES (38,11,100);
INSERT INTO SP_CN VALUES (39,11,100);
INSERT INTO SP_CN VALUES (40,11,100);
--THÊM ĐƠN HÀNG
INSERT [dbo].[DON_HANG] ([ID_DH], [CHI_NHANH], [NGAY_BAN], [TONG_TIEN]) VALUES (1, 1, CAST(N'2019-02-14' AS Date), 162000.0000)
INSERT [dbo].[DON_HANG] ([ID_DH], [CHI_NHANH], [NGAY_BAN], [TONG_TIEN]) VALUES (2, 1, CAST(N'2020-05-30' AS Date), 194000.0000)
INSERT [dbo].[DON_HANG] ([ID_DH], [CHI_NHANH], [NGAY_BAN], [TONG_TIEN]) VALUES (3, 1, CAST(N'2019-03-04' AS Date), 171000.0000)
INSERT [dbo].[DON_HANG] ([ID_DH], [CHI_NHANH], [NGAY_BAN], [TONG_TIEN]) VALUES (4, 1, CAST(N'2020-05-08' AS Date), 216000.0000)
INSERT [dbo].[DON_HANG] ([ID_DH], [CHI_NHANH], [NGAY_BAN], [TONG_TIEN]) VALUES (5, 1, CAST(N'2019-12-12' AS Date), 138000.0000)
INSERT [dbo].[DON_HANG] ([ID_DH], [CHI_NHANH], [NGAY_BAN], [TONG_TIEN]) VALUES (6, 1, CAST(N'2019-03-20' AS Date), 257000.0000)
INSERT [dbo].[DON_HANG] ([ID_DH], [CHI_NHANH], [NGAY_BAN], [TONG_TIEN]) VALUES (7, 1, CAST(N'2019-03-17' AS Date), 122000.0000)
INSERT [dbo].[DON_HANG] ([ID_DH], [CHI_NHANH], [NGAY_BAN], [TONG_TIEN]) VALUES (8, 1, CAST(N'2019-09-14' AS Date), 100000.0000)
INSERT [dbo].[DON_HANG] ([ID_DH], [CHI_NHANH], [NGAY_BAN], [TONG_TIEN]) VALUES (9, 1, CAST(N'2020-02-15' AS Date), 248000.0000)
INSERT [dbo].[DON_HANG] ([ID_DH], [CHI_NHANH], [NGAY_BAN], [TONG_TIEN]) VALUES (10, 1, CAST(N'2020-05-08' AS Date), 49000.0000)
INSERT [dbo].[DON_HANG] ([ID_DH], [CHI_NHANH], [NGAY_BAN], [TONG_TIEN]) VALUES (11, 2, CAST(N'2019-06-13' AS Date), 783000.0000)
INSERT [dbo].[DON_HANG] ([ID_DH], [CHI_NHANH], [NGAY_BAN], [TONG_TIEN]) VALUES (12, 2, CAST(N'2019-05-01' AS Date), 107000.0000)
INSERT [dbo].[DON_HANG] ([ID_DH], [CHI_NHANH], [NGAY_BAN], [TONG_TIEN]) VALUES (13, 2, CAST(N'2019-11-25' AS Date), 136000.0000)
INSERT [dbo].[DON_HANG] ([ID_DH], [CHI_NHANH], [NGAY_BAN], [TONG_TIEN]) VALUES (14, 2, CAST(N'2019-09-07' AS Date), 203000.0000)
INSERT [dbo].[DON_HANG] ([ID_DH], [CHI_NHANH], [NGAY_BAN], [TONG_TIEN]) VALUES (15, 2, CAST(N'2020-03-04' AS Date), 232000.0000)
INSERT [dbo].[DON_HANG] ([ID_DH], [CHI_NHANH], [NGAY_BAN], [TONG_TIEN]) VALUES (16, 2, CAST(N'2020-01-27' AS Date), 411000.0000)
INSERT [dbo].[DON_HANG] ([ID_DH], [CHI_NHANH], [NGAY_BAN], [TONG_TIEN]) VALUES (17, 2, CAST(N'2020-03-04' AS Date), 286000.0000)
INSERT [dbo].[DON_HANG] ([ID_DH], [CHI_NHANH], [NGAY_BAN], [TONG_TIEN]) VALUES (18, 2, CAST(N'2020-01-21' AS Date), 125000.0000)
INSERT [dbo].[DON_HANG] ([ID_DH], [CHI_NHANH], [NGAY_BAN], [TONG_TIEN]) VALUES (19, 2, CAST(N'2019-05-19' AS Date), 125000.0000)
INSERT [dbo].[DON_HANG] ([ID_DH], [CHI_NHANH], [NGAY_BAN], [TONG_TIEN]) VALUES (20, 2, CAST(N'2019-09-14' AS Date), 191000.0000)
INSERT [dbo].[DON_HANG] ([ID_DH], [CHI_NHANH], [NGAY_BAN], [TONG_TIEN]) VALUES (21, 3, CAST(N'2019-04-23' AS Date), 205000.0000)
INSERT [dbo].[DON_HANG] ([ID_DH], [CHI_NHANH], [NGAY_BAN], [TONG_TIEN]) VALUES (22, 3, CAST(N'2020-02-14' AS Date), 275000.0000)
INSERT [dbo].[DON_HANG] ([ID_DH], [CHI_NHANH], [NGAY_BAN], [TONG_TIEN]) VALUES (23, 3, CAST(N'2019-02-12' AS Date), 362000.0000)
INSERT [dbo].[DON_HANG] ([ID_DH], [CHI_NHANH], [NGAY_BAN], [TONG_TIEN]) VALUES (24, 3, CAST(N'2020-03-19' AS Date), 127000.0000)
INSERT [dbo].[DON_HANG] ([ID_DH], [CHI_NHANH], [NGAY_BAN], [TONG_TIEN]) VALUES (25, 3, CAST(N'2019-02-28' AS Date), 385000.0000)
INSERT [dbo].[DON_HANG] ([ID_DH], [CHI_NHANH], [NGAY_BAN], [TONG_TIEN]) VALUES (26, 3, CAST(N'2020-05-10' AS Date), 750000.0000)
INSERT [dbo].[DON_HANG] ([ID_DH], [CHI_NHANH], [NGAY_BAN], [TONG_TIEN]) VALUES (27, 3, CAST(N'2020-04-11' AS Date), 248000.0000)
INSERT [dbo].[DON_HANG] ([ID_DH], [CHI_NHANH], [NGAY_BAN], [TONG_TIEN]) VALUES (28, 3, CAST(N'2020-04-19' AS Date), 335000.0000)
INSERT [dbo].[DON_HANG] ([ID_DH], [CHI_NHANH], [NGAY_BAN], [TONG_TIEN]) VALUES (29, 3, CAST(N'2019-03-10' AS Date), 544000.0000)
INSERT [dbo].[DON_HANG] ([ID_DH], [CHI_NHANH], [NGAY_BAN], [TONG_TIEN]) VALUES (30, 3, CAST(N'2020-05-17' AS Date), 471000.0000)
INSERT [dbo].[DON_HANG] ([ID_DH], [CHI_NHANH], [NGAY_BAN], [TONG_TIEN]) VALUES (31, 4, CAST(N'2019-07-20' AS Date), 116000.0000)
INSERT [dbo].[DON_HANG] ([ID_DH], [CHI_NHANH], [NGAY_BAN], [TONG_TIEN]) VALUES (32, 4, CAST(N'2019-12-22' AS Date), 125000.0000)
INSERT [dbo].[DON_HANG] ([ID_DH], [CHI_NHANH], [NGAY_BAN], [TONG_TIEN]) VALUES (33, 4, CAST(N'2019-11-05' AS Date), 461000.0000)
INSERT [dbo].[DON_HANG] ([ID_DH], [CHI_NHANH], [NGAY_BAN], [TONG_TIEN]) VALUES (34, 4, CAST(N'2019-06-03' AS Date), 182000.0000)
INSERT [dbo].[DON_HANG] ([ID_DH], [CHI_NHANH], [NGAY_BAN], [TONG_TIEN]) VALUES (35, 4, CAST(N'2020-04-29' AS Date), 282000.0000)
INSERT [dbo].[DON_HANG] ([ID_DH], [CHI_NHANH], [NGAY_BAN], [TONG_TIEN]) VALUES (36, 4, CAST(N'2020-03-17' AS Date), 499000.0000)
INSERT [dbo].[DON_HANG] ([ID_DH], [CHI_NHANH], [NGAY_BAN], [TONG_TIEN]) VALUES (37, 4, CAST(N'2019-06-08' AS Date), 259000.0000)
INSERT [dbo].[DON_HANG] ([ID_DH], [CHI_NHANH], [NGAY_BAN], [TONG_TIEN]) VALUES (38, 4, CAST(N'2020-05-30' AS Date), 166000.0000)
INSERT [dbo].[DON_HANG] ([ID_DH], [CHI_NHANH], [NGAY_BAN], [TONG_TIEN]) VALUES (39, 4, CAST(N'2020-05-31' AS Date), 430000.0000)
INSERT [dbo].[DON_HANG] ([ID_DH], [CHI_NHANH], [NGAY_BAN], [TONG_TIEN]) VALUES (40, 4, CAST(N'2020-04-11' AS Date), 208000.0000)
INSERT [dbo].[DON_HANG] ([ID_DH], [CHI_NHANH], [NGAY_BAN], [TONG_TIEN]) VALUES (41, 5, CAST(N'2020-03-10' AS Date), 40000.0000)
INSERT [dbo].[DON_HANG] ([ID_DH], [CHI_NHANH], [NGAY_BAN], [TONG_TIEN]) VALUES (42, 5, CAST(N'2020-02-17' AS Date), 630000.0000)
INSERT [dbo].[DON_HANG] ([ID_DH], [CHI_NHANH], [NGAY_BAN], [TONG_TIEN]) VALUES (43, 5, CAST(N'2020-03-15' AS Date), 532000.0000)
INSERT [dbo].[DON_HANG] ([ID_DH], [CHI_NHANH], [NGAY_BAN], [TONG_TIEN]) VALUES (44, 5, CAST(N'2019-09-02' AS Date), 673000.0000)
INSERT [dbo].[DON_HANG] ([ID_DH], [CHI_NHANH], [NGAY_BAN], [TONG_TIEN]) VALUES (45, 5, CAST(N'2020-05-31' AS Date), 340000.0000)
INSERT [dbo].[DON_HANG] ([ID_DH], [CHI_NHANH], [NGAY_BAN], [TONG_TIEN]) VALUES (46, 5, CAST(N'2020-03-15' AS Date), 393000.0000)
INSERT [dbo].[DON_HANG] ([ID_DH], [CHI_NHANH], [NGAY_BAN], [TONG_TIEN]) VALUES (47, 5, CAST(N'2020-05-02' AS Date), 82000.0000)
INSERT [dbo].[DON_HANG] ([ID_DH], [CHI_NHANH], [NGAY_BAN], [TONG_TIEN]) VALUES (48, 5, CAST(N'2020-03-05' AS Date), 439000.0000)
INSERT [dbo].[DON_HANG] ([ID_DH], [CHI_NHANH], [NGAY_BAN], [TONG_TIEN]) VALUES (49, 5, CAST(N'2020-02-13' AS Date), 300000.0000)
INSERT [dbo].[DON_HANG] ([ID_DH], [CHI_NHANH], [NGAY_BAN], [TONG_TIEN]) VALUES (50, 5, CAST(N'2020-04-03' AS Date), 46000.0000)
INSERT [dbo].[DON_HANG] ([ID_DH], [CHI_NHANH], [NGAY_BAN], [TONG_TIEN]) VALUES (51, 6, CAST(N'2019-09-07' AS Date), 198000.0000)
INSERT [dbo].[DON_HANG] ([ID_DH], [CHI_NHANH], [NGAY_BAN], [TONG_TIEN]) VALUES (52, 6, CAST(N'2019-04-30' AS Date), 146000.0000)
INSERT [dbo].[DON_HANG] ([ID_DH], [CHI_NHANH], [NGAY_BAN], [TONG_TIEN]) VALUES (53, 6, CAST(N'2020-01-15' AS Date), 170000.0000)
INSERT [dbo].[DON_HANG] ([ID_DH], [CHI_NHANH], [NGAY_BAN], [TONG_TIEN]) VALUES (54, 6, CAST(N'2019-05-16' AS Date), 117000.0000)
INSERT [dbo].[DON_HANG] ([ID_DH], [CHI_NHANH], [NGAY_BAN], [TONG_TIEN]) VALUES (55, 6, CAST(N'2020-06-03' AS Date), 293000.0000)
INSERT [dbo].[DON_HANG] ([ID_DH], [CHI_NHANH], [NGAY_BAN], [TONG_TIEN]) VALUES (56, 6, CAST(N'2020-02-14' AS Date), 159000.0000)
INSERT [dbo].[DON_HANG] ([ID_DH], [CHI_NHANH], [NGAY_BAN], [TONG_TIEN]) VALUES (57, 6, CAST(N'2019-07-19' AS Date), 807000.0000)
INSERT [dbo].[DON_HANG] ([ID_DH], [CHI_NHANH], [NGAY_BAN], [TONG_TIEN]) VALUES (58, 6, CAST(N'2020-04-14' AS Date), 20000.0000)
INSERT [dbo].[DON_HANG] ([ID_DH], [CHI_NHANH], [NGAY_BAN], [TONG_TIEN]) VALUES (59, 6, CAST(N'2019-06-09' AS Date), 363000.0000)
INSERT [dbo].[DON_HANG] ([ID_DH], [CHI_NHANH], [NGAY_BAN], [TONG_TIEN]) VALUES (60, 6, CAST(N'2020-04-15' AS Date), 646000.0000)
INSERT [dbo].[DON_HANG] ([ID_DH], [CHI_NHANH], [NGAY_BAN], [TONG_TIEN]) VALUES (61, 7, CAST(N'2019-06-09' AS Date), 93000.0000)
INSERT [dbo].[DON_HANG] ([ID_DH], [CHI_NHANH], [NGAY_BAN], [TONG_TIEN]) VALUES (62, 7, CAST(N'2020-04-28' AS Date), 409000.0000)
INSERT [dbo].[DON_HANG] ([ID_DH], [CHI_NHANH], [NGAY_BAN], [TONG_TIEN]) VALUES (63, 7, CAST(N'2019-07-09' AS Date), 91000.0000)
INSERT [dbo].[DON_HANG] ([ID_DH], [CHI_NHANH], [NGAY_BAN], [TONG_TIEN]) VALUES (64, 7, CAST(N'2019-07-22' AS Date), 195000.0000)
INSERT [dbo].[DON_HANG] ([ID_DH], [CHI_NHANH], [NGAY_BAN], [TONG_TIEN]) VALUES (65, 7, CAST(N'2019-11-29' AS Date), 200000.0000)
INSERT [dbo].[DON_HANG] ([ID_DH], [CHI_NHANH], [NGAY_BAN], [TONG_TIEN]) VALUES (66, 7, CAST(N'2019-09-10' AS Date), 28000.0000)
INSERT [dbo].[DON_HANG] ([ID_DH], [CHI_NHANH], [NGAY_BAN], [TONG_TIEN]) VALUES (67, 7, CAST(N'2019-08-20' AS Date), 295000.0000)
INSERT [dbo].[DON_HANG] ([ID_DH], [CHI_NHANH], [NGAY_BAN], [TONG_TIEN]) VALUES (68, 7, CAST(N'2019-11-20' AS Date), 350000.0000)
INSERT [dbo].[DON_HANG] ([ID_DH], [CHI_NHANH], [NGAY_BAN], [TONG_TIEN]) VALUES (69, 7, CAST(N'2019-09-05' AS Date), 103000.0000)
INSERT [dbo].[DON_HANG] ([ID_DH], [CHI_NHANH], [NGAY_BAN], [TONG_TIEN]) VALUES (70, 7, CAST(N'2019-08-17' AS Date), 7000)
INSERT [dbo].[DON_HANG] ([ID_DH], [CHI_NHANH], [NGAY_BAN], [TONG_TIEN]) VALUES (71, 8, CAST(N'2019-07-30' AS Date), 390000.0000)
INSERT [dbo].[DON_HANG] ([ID_DH], [CHI_NHANH], [NGAY_BAN], [TONG_TIEN]) VALUES (72, 8, CAST(N'2019-12-26' AS Date), 364000.0000)
INSERT [dbo].[DON_HANG] ([ID_DH], [CHI_NHANH], [NGAY_BAN], [TONG_TIEN]) VALUES (73, 8, CAST(N'2020-06-05' AS Date), 298000.0000)
INSERT [dbo].[DON_HANG] ([ID_DH], [CHI_NHANH], [NGAY_BAN], [TONG_TIEN]) VALUES (74, 8, CAST(N'2019-10-22' AS Date), 238000.0000)
INSERT [dbo].[DON_HANG] ([ID_DH], [CHI_NHANH], [NGAY_BAN], [TONG_TIEN]) VALUES (75, 8, CAST(N'2019-11-28' AS Date), 298000.0000)
INSERT [dbo].[DON_HANG] ([ID_DH], [CHI_NHANH], [NGAY_BAN], [TONG_TIEN]) VALUES (76, 8, CAST(N'2019-06-26' AS Date), 64000.0000)
INSERT [dbo].[DON_HANG] ([ID_DH], [CHI_NHANH], [NGAY_BAN], [TONG_TIEN]) VALUES (77, 8, CAST(N'2019-10-11' AS Date), 30000.0000)
INSERT [dbo].[DON_HANG] ([ID_DH], [CHI_NHANH], [NGAY_BAN], [TONG_TIEN]) VALUES (78, 8, CAST(N'2020-01-13' AS Date), 330000.0000)
INSERT [dbo].[DON_HANG] ([ID_DH], [CHI_NHANH], [NGAY_BAN], [TONG_TIEN]) VALUES (79, 8, CAST(N'2019-02-09' AS Date), 55000.0000)
INSERT [dbo].[DON_HANG] ([ID_DH], [CHI_NHANH], [NGAY_BAN], [TONG_TIEN]) VALUES (80, 8, CAST(N'2019-11-20' AS Date), 61000.0000)
INSERT [dbo].[DON_HANG] ([ID_DH], [CHI_NHANH], [NGAY_BAN], [TONG_TIEN]) VALUES (81, 9, CAST(N'2020-02-10' AS Date), 56000.0000)
INSERT [dbo].[DON_HANG] ([ID_DH], [CHI_NHANH], [NGAY_BAN], [TONG_TIEN]) VALUES (82, 9, CAST(N'2020-04-02' AS Date), 205000.0000)
INSERT [dbo].[DON_HANG] ([ID_DH], [CHI_NHANH], [NGAY_BAN], [TONG_TIEN]) VALUES (83, 9, CAST(N'2019-10-29' AS Date), 500000.0000)
INSERT [dbo].[DON_HANG] ([ID_DH], [CHI_NHANH], [NGAY_BAN], [TONG_TIEN]) VALUES (84, 9, CAST(N'2019-04-25' AS Date), 85000.0000)
INSERT [dbo].[DON_HANG] ([ID_DH], [CHI_NHANH], [NGAY_BAN], [TONG_TIEN]) VALUES (85, 9, CAST(N'2019-08-16' AS Date), 424000.0000)
INSERT [dbo].[DON_HANG] ([ID_DH], [CHI_NHANH], [NGAY_BAN], [TONG_TIEN]) VALUES (86, 9, CAST(N'2020-02-04' AS Date), 169000.0000)
INSERT [dbo].[DON_HANG] ([ID_DH], [CHI_NHANH], [NGAY_BAN], [TONG_TIEN]) VALUES (87, 9, CAST(N'2019-03-20' AS Date), 137000.0000)
INSERT [dbo].[DON_HANG] ([ID_DH], [CHI_NHANH], [NGAY_BAN], [TONG_TIEN]) VALUES (88, 9, CAST(N'2019-11-30' AS Date), 630000.0000)
INSERT [dbo].[DON_HANG] ([ID_DH], [CHI_NHANH], [NGAY_BAN], [TONG_TIEN]) VALUES (89, 9, CAST(N'2019-08-28' AS Date), 777000.0000)
INSERT [dbo].[DON_HANG] ([ID_DH], [CHI_NHANH], [NGAY_BAN], [TONG_TIEN]) VALUES (90, 9, CAST(N'2019-05-27' AS Date), 242000.0000)
INSERT [dbo].[DON_HANG] ([ID_DH], [CHI_NHANH], [NGAY_BAN], [TONG_TIEN]) VALUES (91, 10, CAST(N'2019-07-31' AS Date), 119000.0000)
INSERT [dbo].[DON_HANG] ([ID_DH], [CHI_NHANH], [NGAY_BAN], [TONG_TIEN]) VALUES (92, 10, CAST(N'2019-09-04' AS Date), 332000.0000)
INSERT [dbo].[DON_HANG] ([ID_DH], [CHI_NHANH], [NGAY_BAN], [TONG_TIEN]) VALUES (93, 10, CAST(N'2019-07-14' AS Date), 315000.0000)
INSERT [dbo].[DON_HANG] ([ID_DH], [CHI_NHANH], [NGAY_BAN], [TONG_TIEN]) VALUES (94, 10, CAST(N'2019-07-06' AS Date), 75000.0000)
INSERT [dbo].[DON_HANG] ([ID_DH], [CHI_NHANH], [NGAY_BAN], [TONG_TIEN]) VALUES (95, 10, CAST(N'2019-11-30' AS Date), 265000.0000)
INSERT [dbo].[DON_HANG] ([ID_DH], [CHI_NHANH], [NGAY_BAN], [TONG_TIEN]) VALUES (96, 10, CAST(N'2020-01-05' AS Date), 70000.0000)
INSERT [dbo].[DON_HANG] ([ID_DH], [CHI_NHANH], [NGAY_BAN], [TONG_TIEN]) VALUES (97, 10, CAST(N'2019-10-14' AS Date), 335000.0000)
INSERT [dbo].[DON_HANG] ([ID_DH], [CHI_NHANH], [NGAY_BAN], [TONG_TIEN]) VALUES (98, 10, CAST(N'2019-02-26' AS Date), 230000.0000)
INSERT [dbo].[DON_HANG] ([ID_DH], [CHI_NHANH], [NGAY_BAN], [TONG_TIEN]) VALUES (99, 10, CAST(N'2020-03-13' AS Date), 104000.0000)
INSERT [dbo].[DON_HANG] ([ID_DH], [CHI_NHANH], [NGAY_BAN], [TONG_TIEN]) VALUES (100, 10, CAST(N'2019-03-02' AS Date), 431000.0000)
INSERT [dbo].[DON_HANG] ([ID_DH], [CHI_NHANH], [NGAY_BAN], [TONG_TIEN]) VALUES (101, 11, CAST(N'2020-04-25' AS Date), 170000.0000)
INSERT [dbo].[DON_HANG] ([ID_DH], [CHI_NHANH], [NGAY_BAN], [TONG_TIEN]) VALUES (102, 11, CAST(N'2019-09-15' AS Date), 271000.0000)
INSERT [dbo].[DON_HANG] ([ID_DH], [CHI_NHANH], [NGAY_BAN], [TONG_TIEN]) VALUES (103, 11, CAST(N'2020-03-17' AS Date), 665000.0000)
INSERT [dbo].[DON_HANG] ([ID_DH], [CHI_NHANH], [NGAY_BAN], [TONG_TIEN]) VALUES (104, 11, CAST(N'2019-04-29' AS Date), 7000)
INSERT [dbo].[DON_HANG] ([ID_DH], [CHI_NHANH], [NGAY_BAN], [TONG_TIEN]) VALUES (105, 11, CAST(N'2020-02-20' AS Date), 580000.0000)
INSERT [dbo].[DON_HANG] ([ID_DH], [CHI_NHANH], [NGAY_BAN], [TONG_TIEN]) VALUES (106, 11, CAST(N'2020-05-14' AS Date), 114000.0000)
INSERT [dbo].[DON_HANG] ([ID_DH], [CHI_NHANH], [NGAY_BAN], [TONG_TIEN]) VALUES (107, 11, CAST(N'2019-11-19' AS Date), 223000.0000)
INSERT [dbo].[DON_HANG] ([ID_DH], [CHI_NHANH], [NGAY_BAN], [TONG_TIEN]) VALUES (108, 11, CAST(N'2020-06-11' AS Date), 479000.0000)
INSERT [dbo].[DON_HANG] ([ID_DH], [CHI_NHANH], [NGAY_BAN], [TONG_TIEN]) VALUES (109, 11, CAST(N'2020-05-31' AS Date), 442000.0000)
INSERT [dbo].[DON_HANG] ([ID_DH], [CHI_NHANH], [NGAY_BAN], [TONG_TIEN]) VALUES (110, 11, CAST(N'2020-03-18' AS Date), 207000.0000)

--THÊM GIỎ HÀNG

INSERT [dbo].[GIO_HANG] ([ID_DH], [ID_SP], [SO_LUONG], [THANH_TIEN]) VALUES (1, 1, 5, 35000)
INSERT [dbo].[GIO_HANG] ([ID_DH], [ID_SP], [SO_LUONG], [THANH_TIEN]) VALUES (1, 3, 2, 20000)
INSERT [dbo].[GIO_HANG] ([ID_DH], [ID_SP], [SO_LUONG], [THANH_TIEN]) VALUES (1, 8, 3, 30000)
INSERT [dbo].[GIO_HANG] ([ID_DH], [ID_SP], [SO_LUONG], [THANH_TIEN]) VALUES (1, 27, 5, 70000)
INSERT [dbo].[GIO_HANG] ([ID_DH], [ID_SP], [SO_LUONG], [THANH_TIEN]) VALUES (1, 42, 1, 7000)
INSERT [dbo].[GIO_HANG] ([ID_DH], [ID_SP], [SO_LUONG], [THANH_TIEN]) VALUES (2, 15, 5, 70000)
INSERT [dbo].[GIO_HANG] ([ID_DH], [ID_SP], [SO_LUONG], [THANH_TIEN]) VALUES (2, 20, 3, 63000)
INSERT [dbo].[GIO_HANG] ([ID_DH], [ID_SP], [SO_LUONG], [THANH_TIEN]) VALUES (2, 58, 1, 61000)
INSERT [dbo].[GIO_HANG] ([ID_DH], [ID_SP], [SO_LUONG], [THANH_TIEN]) VALUES (3, 4, 3, 15000)
INSERT [dbo].[GIO_HANG] ([ID_DH], [ID_SP], [SO_LUONG], [THANH_TIEN]) VALUES (3, 18, 4, 76000)
INSERT [dbo].[GIO_HANG] ([ID_DH], [ID_SP], [SO_LUONG], [THANH_TIEN]) VALUES (3, 33, 2, 10000)
INSERT [dbo].[GIO_HANG] ([ID_DH], [ID_SP], [SO_LUONG], [THANH_TIEN]) VALUES (3, 43, 4, 60000)
INSERT [dbo].[GIO_HANG] ([ID_DH], [ID_SP], [SO_LUONG], [THANH_TIEN]) VALUES (3, 61, 2, 10000)
INSERT [dbo].[GIO_HANG] ([ID_DH], [ID_SP], [SO_LUONG], [THANH_TIEN]) VALUES (4, 1, 3, 21000)
INSERT [dbo].[GIO_HANG] ([ID_DH], [ID_SP], [SO_LUONG], [THANH_TIEN]) VALUES (4, 14, 1, 26000)
INSERT [dbo].[GIO_HANG] ([ID_DH], [ID_SP], [SO_LUONG], [THANH_TIEN]) VALUES (4, 30, 4, 44000)
INSERT [dbo].[GIO_HANG] ([ID_DH], [ID_SP], [SO_LUONG], [THANH_TIEN]) VALUES (4, 54, 2, 110000)
INSERT [dbo].[GIO_HANG] ([ID_DH], [ID_SP], [SO_LUONG], [THANH_TIEN]) VALUES (4, 64, 3, 15000)
INSERT [dbo].[GIO_HANG] ([ID_DH], [ID_SP], [SO_LUONG], [THANH_TIEN]) VALUES (5, 11, 1, 8000)
INSERT [dbo].[GIO_HANG] ([ID_DH], [ID_SP], [SO_LUONG], [THANH_TIEN]) VALUES (5, 52, 2, 110000)
INSERT [dbo].[GIO_HANG] ([ID_DH], [ID_SP], [SO_LUONG], [THANH_TIEN]) VALUES (5, 62, 4, 20000)
INSERT [dbo].[GIO_HANG] ([ID_DH], [ID_SP], [SO_LUONG], [THANH_TIEN]) VALUES (6, 2, 3, 30000)
INSERT [dbo].[GIO_HANG] ([ID_DH], [ID_SP], [SO_LUONG], [THANH_TIEN]) VALUES (6, 4, 1, 5000)
INSERT [dbo].[GIO_HANG] ([ID_DH], [ID_SP], [SO_LUONG], [THANH_TIEN]) VALUES (6, 14, 5, 130000)
INSERT [dbo].[GIO_HANG] ([ID_DH], [ID_SP], [SO_LUONG], [THANH_TIEN]) VALUES (6, 30, 2, 22000)
INSERT [dbo].[GIO_HANG] ([ID_DH], [ID_SP], [SO_LUONG], [THANH_TIEN]) VALUES (6, 37, 2, 10000)
INSERT [dbo].[GIO_HANG] ([ID_DH], [ID_SP], [SO_LUONG], [THANH_TIEN]) VALUES (6, 47, 2, 30000)
INSERT [dbo].[GIO_HANG] ([ID_DH], [ID_SP], [SO_LUONG], [THANH_TIEN]) VALUES (6, 60, 3, 30000)
INSERT [dbo].[GIO_HANG] ([ID_DH], [ID_SP], [SO_LUONG], [THANH_TIEN]) VALUES (7, 2, 3, 30000)
INSERT [dbo].[GIO_HANG] ([ID_DH], [ID_SP], [SO_LUONG], [THANH_TIEN]) VALUES (7, 5, 4, 40000)
INSERT [dbo].[GIO_HANG] ([ID_DH], [ID_SP], [SO_LUONG], [THANH_TIEN]) VALUES (7, 10, 3, 27000)
INSERT [dbo].[GIO_HANG] ([ID_DH], [ID_SP], [SO_LUONG], [THANH_TIEN]) VALUES (7, 35, 5, 25000)
INSERT [dbo].[GIO_HANG] ([ID_DH], [ID_SP], [SO_LUONG], [THANH_TIEN]) VALUES (8, 31, 5, 45000)
INSERT [dbo].[GIO_HANG] ([ID_DH], [ID_SP], [SO_LUONG], [THANH_TIEN]) VALUES (8, 46, 5, 55000)
INSERT [dbo].[GIO_HANG] ([ID_DH], [ID_SP], [SO_LUONG], [THANH_TIEN]) VALUES (9, 31, 2, 18000)
INSERT [dbo].[GIO_HANG] ([ID_DH], [ID_SP], [SO_LUONG], [THANH_TIEN]) VALUES (9, 38, 4, 20000)
INSERT [dbo].[GIO_HANG] ([ID_DH], [ID_SP], [SO_LUONG], [THANH_TIEN]) VALUES (9, 57, 3, 210000)
INSERT [dbo].[GIO_HANG] ([ID_DH], [ID_SP], [SO_LUONG], [THANH_TIEN]) VALUES (10, 9, 1, 8000)
INSERT [dbo].[GIO_HANG] ([ID_DH], [ID_SP], [SO_LUONG], [THANH_TIEN]) VALUES (10, 10, 1, 9000)
INSERT [dbo].[GIO_HANG] ([ID_DH], [ID_SP], [SO_LUONG], [THANH_TIEN]) VALUES (10, 25, 1, 23000)
INSERT [dbo].[GIO_HANG] ([ID_DH], [ID_SP], [SO_LUONG], [THANH_TIEN]) VALUES (10, 31, 1, 9000)
INSERT [dbo].[GIO_HANG] ([ID_DH], [ID_SP], [SO_LUONG], [THANH_TIEN]) VALUES (11, 22, 2, 48000)
INSERT [dbo].[GIO_HANG] ([ID_DH], [ID_SP], [SO_LUONG], [THANH_TIEN]) VALUES (11, 32, 4, 268000)
INSERT [dbo].[GIO_HANG] ([ID_DH], [ID_SP], [SO_LUONG], [THANH_TIEN]) VALUES (11, 33, 5, 25000)
INSERT [dbo].[GIO_HANG] ([ID_DH], [ID_SP], [SO_LUONG], [THANH_TIEN]) VALUES (11, 43, 3, 45000)
INSERT [dbo].[GIO_HANG] ([ID_DH], [ID_SP], [SO_LUONG], [THANH_TIEN]) VALUES (11, 50, 4, 92000)
INSERT [dbo].[GIO_HANG] ([ID_DH], [ID_SP], [SO_LUONG], [THANH_TIEN]) VALUES (11, 57, 4, 280000)
INSERT [dbo].[GIO_HANG] ([ID_DH], [ID_SP], [SO_LUONG], [THANH_TIEN]) VALUES (11, 64, 5, 25000)
INSERT [dbo].[GIO_HANG] ([ID_DH], [ID_SP], [SO_LUONG], [THANH_TIEN]) VALUES (12, 8, 4, 40000)
INSERT [dbo].[GIO_HANG] ([ID_DH], [ID_SP], [SO_LUONG], [THANH_TIEN]) VALUES (12, 29, 1, 12000)
INSERT [dbo].[GIO_HANG] ([ID_DH], [ID_SP], [SO_LUONG], [THANH_TIEN]) VALUES (12, 34, 4, 20000)
INSERT [dbo].[GIO_HANG] ([ID_DH], [ID_SP], [SO_LUONG], [THANH_TIEN]) VALUES (12, 39, 3, 15000)
INSERT [dbo].[GIO_HANG] ([ID_DH], [ID_SP], [SO_LUONG], [THANH_TIEN]) VALUES (12, 63, 4, 20000)
INSERT [dbo].[GIO_HANG] ([ID_DH], [ID_SP], [SO_LUONG], [THANH_TIEN]) VALUES (13, 7, 5, 50000)
INSERT [dbo].[GIO_HANG] ([ID_DH], [ID_SP], [SO_LUONG], [THANH_TIEN]) VALUES (13, 9, 2, 16000)
INSERT [dbo].[GIO_HANG] ([ID_DH], [ID_SP], [SO_LUONG], [THANH_TIEN]) VALUES (13, 31, 5, 45000)
INSERT [dbo].[GIO_HANG] ([ID_DH], [ID_SP], [SO_LUONG], [THANH_TIEN]) VALUES (13, 40, 5, 25000)
INSERT [dbo].[GIO_HANG] ([ID_DH], [ID_SP], [SO_LUONG], [THANH_TIEN]) VALUES (14, 16, 4, 64000)
INSERT [dbo].[GIO_HANG] ([ID_DH], [ID_SP], [SO_LUONG], [THANH_TIEN]) VALUES (14, 19, 3, 57000)
INSERT [dbo].[GIO_HANG] ([ID_DH], [ID_SP], [SO_LUONG], [THANH_TIEN]) VALUES (14, 44, 4, 32000)
INSERT [dbo].[GIO_HANG] ([ID_DH], [ID_SP], [SO_LUONG], [THANH_TIEN]) VALUES (14, 59, 2, 30000)
INSERT [dbo].[GIO_HANG] ([ID_DH], [ID_SP], [SO_LUONG], [THANH_TIEN]) VALUES (14, 61, 4, 20000)
INSERT [dbo].[GIO_HANG] ([ID_DH], [ID_SP], [SO_LUONG], [THANH_TIEN]) VALUES (15, 14, 4, 104000)
INSERT [dbo].[GIO_HANG] ([ID_DH], [ID_SP], [SO_LUONG], [THANH_TIEN]) VALUES (15, 20, 4, 84000)
INSERT [dbo].[GIO_HANG] ([ID_DH], [ID_SP], [SO_LUONG], [THANH_TIEN]) VALUES (15, 21, 2, 44000)
INSERT [dbo].[GIO_HANG] ([ID_DH], [ID_SP], [SO_LUONG], [THANH_TIEN]) VALUES (16, 15, 4, 56000)
INSERT [dbo].[GIO_HANG] ([ID_DH], [ID_SP], [SO_LUONG], [THANH_TIEN]) VALUES (16, 23, 3, 57000)
INSERT [dbo].[GIO_HANG] ([ID_DH], [ID_SP], [SO_LUONG], [THANH_TIEN]) VALUES (16, 26, 1, 18000)
INSERT [dbo].[GIO_HANG] ([ID_DH], [ID_SP], [SO_LUONG], [THANH_TIEN]) VALUES (16, 57, 4, 280000)
INSERT [dbo].[GIO_HANG] ([ID_DH], [ID_SP], [SO_LUONG], [THANH_TIEN]) VALUES (17, 16, 1, 16000)
INSERT [dbo].[GIO_HANG] ([ID_DH], [ID_SP], [SO_LUONG], [THANH_TIEN]) VALUES (17, 18, 5, 95000)
INSERT [dbo].[GIO_HANG] ([ID_DH], [ID_SP], [SO_LUONG], [THANH_TIEN]) VALUES (17, 38, 2, 10000)
INSERT [dbo].[GIO_HANG] ([ID_DH], [ID_SP], [SO_LUONG], [THANH_TIEN]) VALUES (17, 51, 3, 165000)
INSERT [dbo].[GIO_HANG] ([ID_DH], [ID_SP], [SO_LUONG], [THANH_TIEN]) VALUES (18, 55, 2, 110000)
INSERT [dbo].[GIO_HANG] ([ID_DH], [ID_SP], [SO_LUONG], [THANH_TIEN]) VALUES (18, 63, 3, 15000)
INSERT [dbo].[GIO_HANG] ([ID_DH], [ID_SP], [SO_LUONG], [THANH_TIEN]) VALUES (19, 34, 2, 10000)
INSERT [dbo].[GIO_HANG] ([ID_DH], [ID_SP], [SO_LUONG], [THANH_TIEN]) VALUES (19, 40, 1, 5000)
INSERT [dbo].[GIO_HANG] ([ID_DH], [ID_SP], [SO_LUONG], [THANH_TIEN]) VALUES (19, 55, 2, 110000)
INSERT [dbo].[GIO_HANG] ([ID_DH], [ID_SP], [SO_LUONG], [THANH_TIEN]) VALUES (20, 24, 3, 99000)
INSERT [dbo].[GIO_HANG] ([ID_DH], [ID_SP], [SO_LUONG], [THANH_TIEN]) VALUES (20, 47, 3, 45000)
INSERT [dbo].[GIO_HANG] ([ID_DH], [ID_SP], [SO_LUONG], [THANH_TIEN]) VALUES (20, 49, 2, 42000)
INSERT [dbo].[GIO_HANG] ([ID_DH], [ID_SP], [SO_LUONG], [THANH_TIEN]) VALUES (20, 64, 1, 5000)
INSERT [dbo].[GIO_HANG] ([ID_DH], [ID_SP], [SO_LUONG], [THANH_TIEN]) VALUES (21, 8, 4, 40000)
INSERT [dbo].[GIO_HANG] ([ID_DH], [ID_SP], [SO_LUONG], [THANH_TIEN]) VALUES (21, 9, 5, 40000)
INSERT [dbo].[GIO_HANG] ([ID_DH], [ID_SP], [SO_LUONG], [THANH_TIEN]) VALUES (21, 16, 1, 16000)
INSERT [dbo].[GIO_HANG] ([ID_DH], [ID_SP], [SO_LUONG], [THANH_TIEN]) VALUES (21, 36, 3, 15000)
INSERT [dbo].[GIO_HANG] ([ID_DH], [ID_SP], [SO_LUONG], [THANH_TIEN]) VALUES (21, 50, 3, 69000)
INSERT [dbo].[GIO_HANG] ([ID_DH], [ID_SP], [SO_LUONG], [THANH_TIEN]) VALUES (21, 63, 5, 25000)
INSERT [dbo].[GIO_HANG] ([ID_DH], [ID_SP], [SO_LUONG], [THANH_TIEN]) VALUES (22, 55, 5, 275000)
INSERT [dbo].[GIO_HANG] ([ID_DH], [ID_SP], [SO_LUONG], [THANH_TIEN]) VALUES (23, 3, 5, 50000)
INSERT [dbo].[GIO_HANG] ([ID_DH], [ID_SP], [SO_LUONG], [THANH_TIEN]) VALUES (23, 8, 1, 10000)
INSERT [dbo].[GIO_HANG] ([ID_DH], [ID_SP], [SO_LUONG], [THANH_TIEN]) VALUES (23, 12, 5, 100000)
INSERT [dbo].[GIO_HANG] ([ID_DH], [ID_SP], [SO_LUONG], [THANH_TIEN]) VALUES (23, 22, 2, 48000)
INSERT [dbo].[GIO_HANG] ([ID_DH], [ID_SP], [SO_LUONG], [THANH_TIEN]) VALUES (23, 23, 4, 76000)
INSERT [dbo].[GIO_HANG] ([ID_DH], [ID_SP], [SO_LUONG], [THANH_TIEN]) VALUES (23, 29, 3, 36000)
INSERT [dbo].[GIO_HANG] ([ID_DH], [ID_SP], [SO_LUONG], [THANH_TIEN]) VALUES (23, 49, 2, 42000)
INSERT [dbo].[GIO_HANG] ([ID_DH], [ID_SP], [SO_LUONG], [THANH_TIEN]) VALUES (24, 21, 1, 22000)
INSERT [dbo].[GIO_HANG] ([ID_DH], [ID_SP], [SO_LUONG], [THANH_TIEN]) VALUES (24, 28, 5, 70000)
INSERT [dbo].[GIO_HANG] ([ID_DH], [ID_SP], [SO_LUONG], [THANH_TIEN]) VALUES (24, 41, 5, 25000)
INSERT [dbo].[GIO_HANG] ([ID_DH], [ID_SP], [SO_LUONG], [THANH_TIEN]) VALUES (24, 60, 1, 10000)
INSERT [dbo].[GIO_HANG] ([ID_DH], [ID_SP], [SO_LUONG], [THANH_TIEN]) VALUES (25, 2, 2, 20000)
INSERT [dbo].[GIO_HANG] ([ID_DH], [ID_SP], [SO_LUONG], [THANH_TIEN]) VALUES (25, 28, 5, 70000)
INSERT [dbo].[GIO_HANG] ([ID_DH], [ID_SP], [SO_LUONG], [THANH_TIEN]) VALUES (25, 33, 4, 20000)
INSERT [dbo].[GIO_HANG] ([ID_DH], [ID_SP], [SO_LUONG], [THANH_TIEN]) VALUES (25, 56, 5, 275000)
INSERT [dbo].[GIO_HANG] ([ID_DH], [ID_SP], [SO_LUONG], [THANH_TIEN]) VALUES (26, 37, 4, 20000)
INSERT [dbo].[GIO_HANG] ([ID_DH], [ID_SP], [SO_LUONG], [THANH_TIEN]) VALUES (26, 39, 5, 25000)
INSERT [dbo].[GIO_HANG] ([ID_DH], [ID_SP], [SO_LUONG], [THANH_TIEN]) VALUES (26, 43, 1, 15000)
INSERT [dbo].[GIO_HANG] ([ID_DH], [ID_SP], [SO_LUONG], [THANH_TIEN]) VALUES (26, 52, 4, 220000)
INSERT [dbo].[GIO_HANG] ([ID_DH], [ID_SP], [SO_LUONG], [THANH_TIEN]) VALUES (26, 53, 3, 165000)
INSERT [dbo].[GIO_HANG] ([ID_DH], [ID_SP], [SO_LUONG], [THANH_TIEN]) VALUES (26, 58, 5, 305000)
INSERT [dbo].[GIO_HANG] ([ID_DH], [ID_SP], [SO_LUONG], [THANH_TIEN]) VALUES (27, 39, 4, 20000)
INSERT [dbo].[GIO_HANG] ([ID_DH], [ID_SP], [SO_LUONG], [THANH_TIEN]) VALUES (27, 49, 3, 63000)
INSERT [dbo].[GIO_HANG] ([ID_DH], [ID_SP], [SO_LUONG], [THANH_TIEN]) VALUES (27, 51, 3, 165000)
INSERT [dbo].[GIO_HANG] ([ID_DH], [ID_SP], [SO_LUONG], [THANH_TIEN]) VALUES (28, 32, 5, 335000)
INSERT [dbo].[GIO_HANG] ([ID_DH], [ID_SP], [SO_LUONG], [THANH_TIEN]) VALUES (29, 15, 1, 14000)
INSERT [dbo].[GIO_HANG] ([ID_DH], [ID_SP], [SO_LUONG], [THANH_TIEN]) VALUES (29, 16, 4, 64000)
INSERT [dbo].[GIO_HANG] ([ID_DH], [ID_SP], [SO_LUONG], [THANH_TIEN]) VALUES (29, 19, 5, 95000)
INSERT [dbo].[GIO_HANG] ([ID_DH], [ID_SP], [SO_LUONG], [THANH_TIEN]) VALUES (29, 20, 5, 105000)
INSERT [dbo].[GIO_HANG] ([ID_DH], [ID_SP], [SO_LUONG], [THANH_TIEN]) VALUES (29, 44, 2, 16000)
INSERT [dbo].[GIO_HANG] ([ID_DH], [ID_SP], [SO_LUONG], [THANH_TIEN]) VALUES (29, 45, 5, 30000)
INSERT [dbo].[GIO_HANG] ([ID_DH], [ID_SP], [SO_LUONG], [THANH_TIEN]) VALUES (29, 54, 4, 220000)
INSERT [dbo].[GIO_HANG] ([ID_DH], [ID_SP], [SO_LUONG], [THANH_TIEN]) VALUES (30, 3, 4, 40000)
INSERT [dbo].[GIO_HANG] ([ID_DH], [ID_SP], [SO_LUONG], [THANH_TIEN]) VALUES (30, 32, 3, 201000)
INSERT [dbo].[GIO_HANG] ([ID_DH], [ID_SP], [SO_LUONG], [THANH_TIEN]) VALUES (30, 52, 4, 220000)
INSERT [dbo].[GIO_HANG] ([ID_DH], [ID_SP], [SO_LUONG], [THANH_TIEN]) VALUES (30, 64, 2, 10000)
INSERT [dbo].[GIO_HANG] ([ID_DH], [ID_SP], [SO_LUONG], [THANH_TIEN]) VALUES (31, 4, 4, 20000)
INSERT [dbo].[GIO_HANG] ([ID_DH], [ID_SP], [SO_LUONG], [THANH_TIEN]) VALUES (31, 24, 2, 66000)
INSERT [dbo].[GIO_HANG] ([ID_DH], [ID_SP], [SO_LUONG], [THANH_TIEN]) VALUES (31, 59, 2, 30000)
INSERT [dbo].[GIO_HANG] ([ID_DH], [ID_SP], [SO_LUONG], [THANH_TIEN]) VALUES (32, 5, 5, 50000)
INSERT [dbo].[GIO_HANG] ([ID_DH], [ID_SP], [SO_LUONG], [THANH_TIEN]) VALUES (32, 12, 1, 20000)
INSERT [dbo].[GIO_HANG] ([ID_DH], [ID_SP], [SO_LUONG], [THANH_TIEN]) VALUES (32, 45, 5, 30000)
INSERT [dbo].[GIO_HANG] ([ID_DH], [ID_SP], [SO_LUONG], [THANH_TIEN]) VALUES (32, 48, 1, 25000)
INSERT [dbo].[GIO_HANG] ([ID_DH], [ID_SP], [SO_LUONG], [THANH_TIEN]) VALUES (33, 3, 4, 40000)
INSERT [dbo].[GIO_HANG] ([ID_DH], [ID_SP], [SO_LUONG], [THANH_TIEN]) VALUES (33, 8, 2, 20000)
INSERT [dbo].[GIO_HANG] ([ID_DH], [ID_SP], [SO_LUONG], [THANH_TIEN]) VALUES (33, 22, 3, 72000)
INSERT [dbo].[GIO_HANG] ([ID_DH], [ID_SP], [SO_LUONG], [THANH_TIEN]) VALUES (33, 49, 3, 63000)
INSERT [dbo].[GIO_HANG] ([ID_DH], [ID_SP], [SO_LUONG], [THANH_TIEN]) VALUES (33, 50, 2, 46000)
INSERT [dbo].[GIO_HANG] ([ID_DH], [ID_SP], [SO_LUONG], [THANH_TIEN]) VALUES (33, 51, 4, 220000)
INSERT [dbo].[GIO_HANG] ([ID_DH], [ID_SP], [SO_LUONG], [THANH_TIEN]) VALUES (34, 1, 2, 14000)
INSERT [dbo].[GIO_HANG] ([ID_DH], [ID_SP], [SO_LUONG], [THANH_TIEN]) VALUES (34, 14, 4, 104000)
INSERT [dbo].[GIO_HANG] ([ID_DH], [ID_SP], [SO_LUONG], [THANH_TIEN]) VALUES (34, 31, 1, 9000)
INSERT [dbo].[GIO_HANG] ([ID_DH], [ID_SP], [SO_LUONG], [THANH_TIEN]) VALUES (34, 37, 4, 20000)
INSERT [dbo].[GIO_HANG] ([ID_DH], [ID_SP], [SO_LUONG], [THANH_TIEN]) VALUES (34, 43, 1, 15000)
INSERT [dbo].[GIO_HANG] ([ID_DH], [ID_SP], [SO_LUONG], [THANH_TIEN]) VALUES (34, 60, 2, 20000)
INSERT [dbo].[GIO_HANG] ([ID_DH], [ID_SP], [SO_LUONG], [THANH_TIEN]) VALUES (35, 30, 2, 22000)
INSERT [dbo].[GIO_HANG] ([ID_DH], [ID_SP], [SO_LUONG], [THANH_TIEN]) VALUES (35, 48, 3, 75000)
INSERT [dbo].[GIO_HANG] ([ID_DH], [ID_SP], [SO_LUONG], [THANH_TIEN]) VALUES (35, 55, 1, 55000)
INSERT [dbo].[GIO_HANG] ([ID_DH], [ID_SP], [SO_LUONG], [THANH_TIEN]) VALUES (35, 56, 2, 110000)
INSERT [dbo].[GIO_HANG] ([ID_DH], [ID_SP], [SO_LUONG], [THANH_TIEN]) VALUES (35, 62, 4, 20000)
INSERT [dbo].[GIO_HANG] ([ID_DH], [ID_SP], [SO_LUONG], [THANH_TIEN]) VALUES (36, 7, 3, 30000)
INSERT [dbo].[GIO_HANG] ([ID_DH], [ID_SP], [SO_LUONG], [THANH_TIEN]) VALUES (36, 19, 4, 76000)
INSERT [dbo].[GIO_HANG] ([ID_DH], [ID_SP], [SO_LUONG], [THANH_TIEN]) VALUES (36, 27, 4, 56000)
INSERT [dbo].[GIO_HANG] ([ID_DH], [ID_SP], [SO_LUONG], [THANH_TIEN]) VALUES (36, 35, 1, 5000)
INSERT [dbo].[GIO_HANG] ([ID_DH], [ID_SP], [SO_LUONG], [THANH_TIEN]) VALUES (36, 49, 2, 42000)
INSERT [dbo].[GIO_HANG] ([ID_DH], [ID_SP], [SO_LUONG], [THANH_TIEN]) VALUES (36, 55, 5, 275000)
INSERT [dbo].[GIO_HANG] ([ID_DH], [ID_SP], [SO_LUONG], [THANH_TIEN]) VALUES (36, 62, 3, 15000)
INSERT [dbo].[GIO_HANG] ([ID_DH], [ID_SP], [SO_LUONG], [THANH_TIEN]) VALUES (37, 8, 1, 10000)
INSERT [dbo].[GIO_HANG] ([ID_DH], [ID_SP], [SO_LUONG], [THANH_TIEN]) VALUES (37, 20, 1, 21000)
INSERT [dbo].[GIO_HANG] ([ID_DH], [ID_SP], [SO_LUONG], [THANH_TIEN]) VALUES (37, 24, 5, 165000)
INSERT [dbo].[GIO_HANG] ([ID_DH], [ID_SP], [SO_LUONG], [THANH_TIEN]) VALUES (37, 42, 4, 28000)
INSERT [dbo].[GIO_HANG] ([ID_DH], [ID_SP], [SO_LUONG], [THANH_TIEN]) VALUES (37, 48, 1, 25000)
INSERT [dbo].[GIO_HANG] ([ID_DH], [ID_SP], [SO_LUONG], [THANH_TIEN]) VALUES (37, 64, 2, 10000)
INSERT [dbo].[GIO_HANG] ([ID_DH], [ID_SP], [SO_LUONG], [THANH_TIEN]) VALUES (38, 24, 3, 99000)
INSERT [dbo].[GIO_HANG] ([ID_DH], [ID_SP], [SO_LUONG], [THANH_TIEN]) VALUES (38, 27, 3, 42000)
INSERT [dbo].[GIO_HANG] ([ID_DH], [ID_SP], [SO_LUONG], [THANH_TIEN]) VALUES (38, 33, 1, 5000)
INSERT [dbo].[GIO_HANG] ([ID_DH], [ID_SP], [SO_LUONG], [THANH_TIEN]) VALUES (38, 37, 4, 20000)
INSERT [dbo].[GIO_HANG] ([ID_DH], [ID_SP], [SO_LUONG], [THANH_TIEN]) VALUES (39, 20, 1, 21000)
INSERT [dbo].[GIO_HANG] ([ID_DH], [ID_SP], [SO_LUONG], [THANH_TIEN]) VALUES (39, 32, 2, 134000)
INSERT [dbo].[GIO_HANG] ([ID_DH], [ID_SP], [SO_LUONG], [THANH_TIEN]) VALUES (39, 46, 5, 55000)
INSERT [dbo].[GIO_HANG] ([ID_DH], [ID_SP], [SO_LUONG], [THANH_TIEN]) VALUES (39, 52, 4, 220000)
INSERT [dbo].[GIO_HANG] ([ID_DH], [ID_SP], [SO_LUONG], [THANH_TIEN]) VALUES (40, 6, 4, 32000)
INSERT [dbo].[GIO_HANG] ([ID_DH], [ID_SP], [SO_LUONG], [THANH_TIEN]) VALUES (40, 8, 5, 50000)
INSERT [dbo].[GIO_HANG] ([ID_DH], [ID_SP], [SO_LUONG], [THANH_TIEN]) VALUES (40, 30, 4, 44000)
INSERT [dbo].[GIO_HANG] ([ID_DH], [ID_SP], [SO_LUONG], [THANH_TIEN]) VALUES (40, 31, 2, 18000)
INSERT [dbo].[GIO_HANG] ([ID_DH], [ID_SP], [SO_LUONG], [THANH_TIEN]) VALUES (40, 34, 4, 20000)
INSERT [dbo].[GIO_HANG] ([ID_DH], [ID_SP], [SO_LUONG], [THANH_TIEN]) VALUES (40, 46, 4, 44000)
INSERT [dbo].[GIO_HANG] ([ID_DH], [ID_SP], [SO_LUONG], [THANH_TIEN]) VALUES (41, 11, 5, 40000)
INSERT [dbo].[GIO_HANG] ([ID_DH], [ID_SP], [SO_LUONG], [THANH_TIEN]) VALUES (42, 1, 1, 7000)
INSERT [dbo].[GIO_HANG] ([ID_DH], [ID_SP], [SO_LUONG], [THANH_TIEN]) VALUES (42, 8, 4, 40000)
INSERT [dbo].[GIO_HANG] ([ID_DH], [ID_SP], [SO_LUONG], [THANH_TIEN]) VALUES (42, 12, 2, 40000)
INSERT [dbo].[GIO_HANG] ([ID_DH], [ID_SP], [SO_LUONG], [THANH_TIEN]) VALUES (42, 43, 4, 60000)
INSERT [dbo].[GIO_HANG] ([ID_DH], [ID_SP], [SO_LUONG], [THANH_TIEN]) VALUES (42, 53, 5, 275000)
INSERT [dbo].[GIO_HANG] ([ID_DH], [ID_SP], [SO_LUONG], [THANH_TIEN]) VALUES (42, 58, 3, 183000)
INSERT [dbo].[GIO_HANG] ([ID_DH], [ID_SP], [SO_LUONG], [THANH_TIEN]) VALUES (42, 62, 5, 25000)
INSERT [dbo].[GIO_HANG] ([ID_DH], [ID_SP], [SO_LUONG], [THANH_TIEN]) VALUES (43, 8, 4, 40000)
INSERT [dbo].[GIO_HANG] ([ID_DH], [ID_SP], [SO_LUONG], [THANH_TIEN]) VALUES (43, 13, 3, 54000)
INSERT [dbo].[GIO_HANG] ([ID_DH], [ID_SP], [SO_LUONG], [THANH_TIEN]) VALUES (43, 15, 2, 28000)
INSERT [dbo].[GIO_HANG] ([ID_DH], [ID_SP], [SO_LUONG], [THANH_TIEN]) VALUES (43, 18, 5, 95000)
INSERT [dbo].[GIO_HANG] ([ID_DH], [ID_SP], [SO_LUONG], [THANH_TIEN]) VALUES (43, 27, 5, 70000)
INSERT [dbo].[GIO_HANG] ([ID_DH], [ID_SP], [SO_LUONG], [THANH_TIEN]) VALUES (43, 31, 5, 45000)
INSERT [dbo].[GIO_HANG] ([ID_DH], [ID_SP], [SO_LUONG], [THANH_TIEN]) VALUES (43, 40, 5, 25000)
INSERT [dbo].[GIO_HANG] ([ID_DH], [ID_SP], [SO_LUONG], [THANH_TIEN]) VALUES (43, 56, 3, 165000)
INSERT [dbo].[GIO_HANG] ([ID_DH], [ID_SP], [SO_LUONG], [THANH_TIEN]) VALUES (43, 62, 2, 10000)
INSERT [dbo].[GIO_HANG] ([ID_DH], [ID_SP], [SO_LUONG], [THANH_TIEN]) VALUES (44, 15, 5, 70000)
INSERT [dbo].[GIO_HANG] ([ID_DH], [ID_SP], [SO_LUONG], [THANH_TIEN]) VALUES (44, 27, 2, 28000)
INSERT [dbo].[GIO_HANG] ([ID_DH], [ID_SP], [SO_LUONG], [THANH_TIEN]) VALUES (44, 40, 5, 25000)
INSERT [dbo].[GIO_HANG] ([ID_DH], [ID_SP], [SO_LUONG], [THANH_TIEN]) VALUES (44, 43, 2, 30000)
INSERT [dbo].[GIO_HANG] ([ID_DH], [ID_SP], [SO_LUONG], [THANH_TIEN]) VALUES (44, 48, 2, 50000)
INSERT [dbo].[GIO_HANG] ([ID_DH], [ID_SP], [SO_LUONG], [THANH_TIEN]) VALUES (44, 51, 2, 110000)
INSERT [dbo].[GIO_HANG] ([ID_DH], [ID_SP], [SO_LUONG], [THANH_TIEN]) VALUES (44, 53, 4, 220000)
INSERT [dbo].[GIO_HANG] ([ID_DH], [ID_SP], [SO_LUONG], [THANH_TIEN]) VALUES (44, 57, 2, 140000)
INSERT [dbo].[GIO_HANG] ([ID_DH], [ID_SP], [SO_LUONG], [THANH_TIEN]) VALUES (45, 2, 3, 30000)
INSERT [dbo].[GIO_HANG] ([ID_DH], [ID_SP], [SO_LUONG], [THANH_TIEN]) VALUES (45, 7, 4, 40000)
INSERT [dbo].[GIO_HANG] ([ID_DH], [ID_SP], [SO_LUONG], [THANH_TIEN]) VALUES (45, 9, 3, 24000)
INSERT [dbo].[GIO_HANG] ([ID_DH], [ID_SP], [SO_LUONG], [THANH_TIEN]) VALUES (45, 17, 3, 60000)
INSERT [dbo].[GIO_HANG] ([ID_DH], [ID_SP], [SO_LUONG], [THANH_TIEN]) VALUES (45, 49, 1, 21000)
INSERT [dbo].[GIO_HANG] ([ID_DH], [ID_SP], [SO_LUONG], [THANH_TIEN]) VALUES (45, 54, 3, 165000)
INSERT [dbo].[GIO_HANG] ([ID_DH], [ID_SP], [SO_LUONG], [THANH_TIEN]) VALUES (46, 14, 5, 130000)
INSERT [dbo].[GIO_HANG] ([ID_DH], [ID_SP], [SO_LUONG], [THANH_TIEN]) VALUES (46, 33, 1, 5000)
INSERT [dbo].[GIO_HANG] ([ID_DH], [ID_SP], [SO_LUONG], [THANH_TIEN]) VALUES (46, 40, 1, 5000)
INSERT [dbo].[GIO_HANG] ([ID_DH], [ID_SP], [SO_LUONG], [THANH_TIEN]) VALUES (46, 42, 4, 28000)
INSERT [dbo].[GIO_HANG] ([ID_DH], [ID_SP], [SO_LUONG], [THANH_TIEN]) VALUES (46, 51, 4, 220000)
INSERT [dbo].[GIO_HANG] ([ID_DH], [ID_SP], [SO_LUONG], [THANH_TIEN]) VALUES (46, 64, 1, 5000)
INSERT [dbo].[GIO_HANG] ([ID_DH], [ID_SP], [SO_LUONG], [THANH_TIEN]) VALUES (47, 16, 4, 64000)
INSERT [dbo].[GIO_HANG] ([ID_DH], [ID_SP], [SO_LUONG], [THANH_TIEN]) VALUES (47, 31, 2, 18000)
INSERT [dbo].[GIO_HANG] ([ID_DH], [ID_SP], [SO_LUONG], [THANH_TIEN]) VALUES (48, 29, 3, 36000)
INSERT [dbo].[GIO_HANG] ([ID_DH], [ID_SP], [SO_LUONG], [THANH_TIEN]) VALUES (48, 30, 5, 55000)
INSERT [dbo].[GIO_HANG] ([ID_DH], [ID_SP], [SO_LUONG], [THANH_TIEN]) VALUES (48, 51, 3, 165000)
INSERT [dbo].[GIO_HANG] ([ID_DH], [ID_SP], [SO_LUONG], [THANH_TIEN]) VALUES (48, 58, 3, 183000)
INSERT [dbo].[GIO_HANG] ([ID_DH], [ID_SP], [SO_LUONG], [THANH_TIEN]) VALUES (49, 1, 3, 21000)
INSERT [dbo].[GIO_HANG] ([ID_DH], [ID_SP], [SO_LUONG], [THANH_TIEN]) VALUES (49, 9, 5, 40000)
INSERT [dbo].[GIO_HANG] ([ID_DH], [ID_SP], [SO_LUONG], [THANH_TIEN]) VALUES (49, 25, 3, 69000)
INSERT [dbo].[GIO_HANG] ([ID_DH], [ID_SP], [SO_LUONG], [THANH_TIEN]) VALUES (49, 35, 2, 10000)
INSERT [dbo].[GIO_HANG] ([ID_DH], [ID_SP], [SO_LUONG], [THANH_TIEN]) VALUES (49, 52, 2, 110000)
INSERT [dbo].[GIO_HANG] ([ID_DH], [ID_SP], [SO_LUONG], [THANH_TIEN]) VALUES (49, 60, 5, 50000)
INSERT [dbo].[GIO_HANG] ([ID_DH], [ID_SP], [SO_LUONG], [THANH_TIEN]) VALUES (50, 7, 4, 40000)
INSERT [dbo].[GIO_HANG] ([ID_DH], [ID_SP], [SO_LUONG], [THANH_TIEN]) VALUES (50, 45, 1, 6000)
INSERT [dbo].[GIO_HANG] ([ID_DH], [ID_SP], [SO_LUONG], [THANH_TIEN]) VALUES (51, 7, 3, 30000)
INSERT [dbo].[GIO_HANG] ([ID_DH], [ID_SP], [SO_LUONG], [THANH_TIEN]) VALUES (51, 24, 3, 99000)
INSERT [dbo].[GIO_HANG] ([ID_DH], [ID_SP], [SO_LUONG], [THANH_TIEN]) VALUES (51, 42, 2, 14000)
INSERT [dbo].[GIO_HANG] ([ID_DH], [ID_SP], [SO_LUONG], [THANH_TIEN]) VALUES (51, 52, 1, 55000)
INSERT [dbo].[GIO_HANG] ([ID_DH], [ID_SP], [SO_LUONG], [THANH_TIEN]) VALUES (52, 6, 4, 32000)
INSERT [dbo].[GIO_HANG] ([ID_DH], [ID_SP], [SO_LUONG], [THANH_TIEN]) VALUES (52, 10, 5, 45000)
INSERT [dbo].[GIO_HANG] ([ID_DH], [ID_SP], [SO_LUONG], [THANH_TIEN]) VALUES (52, 27, 1, 14000)
INSERT [dbo].[GIO_HANG] ([ID_DH], [ID_SP], [SO_LUONG], [THANH_TIEN]) VALUES (52, 37, 2, 10000)
INSERT [dbo].[GIO_HANG] ([ID_DH], [ID_SP], [SO_LUONG], [THANH_TIEN]) VALUES (52, 38, 4, 20000)
INSERT [dbo].[GIO_HANG] ([ID_DH], [ID_SP], [SO_LUONG], [THANH_TIEN]) VALUES (52, 40, 5, 25000)
INSERT [dbo].[GIO_HANG] ([ID_DH], [ID_SP], [SO_LUONG], [THANH_TIEN]) VALUES (53, 1, 4, 28000)
INSERT [dbo].[GIO_HANG] ([ID_DH], [ID_SP], [SO_LUONG], [THANH_TIEN]) VALUES (53, 3, 3, 30000)
INSERT [dbo].[GIO_HANG] ([ID_DH], [ID_SP], [SO_LUONG], [THANH_TIEN]) VALUES (53, 11, 2, 16000)
INSERT [dbo].[GIO_HANG] ([ID_DH], [ID_SP], [SO_LUONG], [THANH_TIEN]) VALUES (53, 50, 2, 46000)
INSERT [dbo].[GIO_HANG] ([ID_DH], [ID_SP], [SO_LUONG], [THANH_TIEN]) VALUES (53, 60, 5, 50000)
INSERT [dbo].[GIO_HANG] ([ID_DH], [ID_SP], [SO_LUONG], [THANH_TIEN]) VALUES (54, 21, 2, 44000)
INSERT [dbo].[GIO_HANG] ([ID_DH], [ID_SP], [SO_LUONG], [THANH_TIEN]) VALUES (54, 26, 1, 18000)
INSERT [dbo].[GIO_HANG] ([ID_DH], [ID_SP], [SO_LUONG], [THANH_TIEN]) VALUES (54, 27, 1, 14000)
INSERT [dbo].[GIO_HANG] ([ID_DH], [ID_SP], [SO_LUONG], [THANH_TIEN]) VALUES (54, 44, 1, 8000)
INSERT [dbo].[GIO_HANG] ([ID_DH], [ID_SP], [SO_LUONG], [THANH_TIEN]) VALUES (54, 46, 3, 33000)
INSERT [dbo].[GIO_HANG] ([ID_DH], [ID_SP], [SO_LUONG], [THANH_TIEN]) VALUES (55, 4, 2, 10000)
INSERT [dbo].[GIO_HANG] ([ID_DH], [ID_SP], [SO_LUONG], [THANH_TIEN]) VALUES (55, 9, 1, 8000)
INSERT [dbo].[GIO_HANG] ([ID_DH], [ID_SP], [SO_LUONG], [THANH_TIEN]) VALUES (55, 56, 5, 275000)
INSERT [dbo].[GIO_HANG] ([ID_DH], [ID_SP], [SO_LUONG], [THANH_TIEN]) VALUES (56, 6, 3, 24000)
INSERT [dbo].[GIO_HANG] ([ID_DH], [ID_SP], [SO_LUONG], [THANH_TIEN]) VALUES (56, 45, 5, 30000)
INSERT [dbo].[GIO_HANG] ([ID_DH], [ID_SP], [SO_LUONG], [THANH_TIEN]) VALUES (56, 52, 1, 55000)
INSERT [dbo].[GIO_HANG] ([ID_DH], [ID_SP], [SO_LUONG], [THANH_TIEN]) VALUES (56, 60, 5, 50000)
INSERT [dbo].[GIO_HANG] ([ID_DH], [ID_SP], [SO_LUONG], [THANH_TIEN]) VALUES (57, 3, 3, 30000)
INSERT [dbo].[GIO_HANG] ([ID_DH], [ID_SP], [SO_LUONG], [THANH_TIEN]) VALUES (57, 12, 5, 100000)
INSERT [dbo].[GIO_HANG] ([ID_DH], [ID_SP], [SO_LUONG], [THANH_TIEN]) VALUES (57, 30, 2, 22000)
INSERT [dbo].[GIO_HANG] ([ID_DH], [ID_SP], [SO_LUONG], [THANH_TIEN]) VALUES (57, 32, 5, 335000)
INSERT [dbo].[GIO_HANG] ([ID_DH], [ID_SP], [SO_LUONG], [THANH_TIEN]) VALUES (57, 33, 2, 10000)
INSERT [dbo].[GIO_HANG] ([ID_DH], [ID_SP], [SO_LUONG], [THANH_TIEN]) VALUES (57, 42, 5, 35000)
INSERT [dbo].[GIO_HANG] ([ID_DH], [ID_SP], [SO_LUONG], [THANH_TIEN]) VALUES (57, 54, 5, 275000)
INSERT [dbo].[GIO_HANG] ([ID_DH], [ID_SP], [SO_LUONG], [THANH_TIEN]) VALUES (58, 33, 3, 15000)
INSERT [dbo].[GIO_HANG] ([ID_DH], [ID_SP], [SO_LUONG], [THANH_TIEN]) VALUES (58, 38, 1, 5000)
INSERT [dbo].[GIO_HANG] ([ID_DH], [ID_SP], [SO_LUONG], [THANH_TIEN]) VALUES (59, 25, 3, 69000)
INSERT [dbo].[GIO_HANG] ([ID_DH], [ID_SP], [SO_LUONG], [THANH_TIEN]) VALUES (59, 39, 1, 5000)
INSERT [dbo].[GIO_HANG] ([ID_DH], [ID_SP], [SO_LUONG], [THANH_TIEN]) VALUES (59, 43, 3, 45000)
INSERT [dbo].[GIO_HANG] ([ID_DH], [ID_SP], [SO_LUONG], [THANH_TIEN]) VALUES (59, 58, 4, 244000)
INSERT [dbo].[GIO_HANG] ([ID_DH], [ID_SP], [SO_LUONG], [THANH_TIEN]) VALUES (60, 8, 2, 20000)
INSERT [dbo].[GIO_HANG] ([ID_DH], [ID_SP], [SO_LUONG], [THANH_TIEN]) VALUES (60, 23, 2, 38000)
INSERT [dbo].[GIO_HANG] ([ID_DH], [ID_SP], [SO_LUONG], [THANH_TIEN]) VALUES (60, 25, 2, 46000)
INSERT [dbo].[GIO_HANG] ([ID_DH], [ID_SP], [SO_LUONG], [THANH_TIEN]) VALUES (60, 32, 1, 67000)
INSERT [dbo].[GIO_HANG] ([ID_DH], [ID_SP], [SO_LUONG], [THANH_TIEN]) VALUES (60, 40, 1, 5000)
INSERT [dbo].[GIO_HANG] ([ID_DH], [ID_SP], [SO_LUONG], [THANH_TIEN]) VALUES (60, 41, 3, 15000)
INSERT [dbo].[GIO_HANG] ([ID_DH], [ID_SP], [SO_LUONG], [THANH_TIEN]) VALUES (60, 48, 5, 125000)
INSERT [dbo].[GIO_HANG] ([ID_DH], [ID_SP], [SO_LUONG], [THANH_TIEN]) VALUES (60, 51, 2, 110000)
INSERT [dbo].[GIO_HANG] ([ID_DH], [ID_SP], [SO_LUONG], [THANH_TIEN]) VALUES (60, 53, 4, 220000)
INSERT [dbo].[GIO_HANG] ([ID_DH], [ID_SP], [SO_LUONG], [THANH_TIEN]) VALUES (61, 8, 1, 10000)
INSERT [dbo].[GIO_HANG] ([ID_DH], [ID_SP], [SO_LUONG], [THANH_TIEN]) VALUES (61, 11, 4, 32000)
INSERT [dbo].[GIO_HANG] ([ID_DH], [ID_SP], [SO_LUONG], [THANH_TIEN]) VALUES (61, 42, 3, 21000)
INSERT [dbo].[GIO_HANG] ([ID_DH], [ID_SP], [SO_LUONG], [THANH_TIEN]) VALUES (61, 47, 2, 30000)
INSERT [dbo].[GIO_HANG] ([ID_DH], [ID_SP], [SO_LUONG], [THANH_TIEN]) VALUES (62, 8, 1, 10000)
INSERT [dbo].[GIO_HANG] ([ID_DH], [ID_SP], [SO_LUONG], [THANH_TIEN]) VALUES (62, 18, 5, 95000)
INSERT [dbo].[GIO_HANG] ([ID_DH], [ID_SP], [SO_LUONG], [THANH_TIEN]) VALUES (62, 20, 4, 84000)
INSERT [dbo].[GIO_HANG] ([ID_DH], [ID_SP], [SO_LUONG], [THANH_TIEN]) VALUES (62, 51, 4, 220000)
INSERT [dbo].[GIO_HANG] ([ID_DH], [ID_SP], [SO_LUONG], [THANH_TIEN]) VALUES (63, 1, 4, 28000)
INSERT [dbo].[GIO_HANG] ([ID_DH], [ID_SP], [SO_LUONG], [THANH_TIEN]) VALUES (63, 13, 1, 18000)
INSERT [dbo].[GIO_HANG] ([ID_DH], [ID_SP], [SO_LUONG], [THANH_TIEN]) VALUES (63, 14, 1, 26000)
INSERT [dbo].[GIO_HANG] ([ID_DH], [ID_SP], [SO_LUONG], [THANH_TIEN]) VALUES (63, 19, 1, 19000)
INSERT [dbo].[GIO_HANG] ([ID_DH], [ID_SP], [SO_LUONG], [THANH_TIEN]) VALUES (64, 11, 5, 40000)
INSERT [dbo].[GIO_HANG] ([ID_DH], [ID_SP], [SO_LUONG], [THANH_TIEN]) VALUES (64, 26, 5, 90000)
INSERT [dbo].[GIO_HANG] ([ID_DH], [ID_SP], [SO_LUONG], [THANH_TIEN]) VALUES (64, 35, 2, 10000)
INSERT [dbo].[GIO_HANG] ([ID_DH], [ID_SP], [SO_LUONG], [THANH_TIEN]) VALUES (64, 51, 1, 55000)
INSERT [dbo].[GIO_HANG] ([ID_DH], [ID_SP], [SO_LUONG], [THANH_TIEN]) VALUES (65, 11, 1, 8000)
INSERT [dbo].[GIO_HANG] ([ID_DH], [ID_SP], [SO_LUONG], [THANH_TIEN]) VALUES (65, 21, 1, 22000)
INSERT [dbo].[GIO_HANG] ([ID_DH], [ID_SP], [SO_LUONG], [THANH_TIEN]) VALUES (65, 33, 1, 5000)
INSERT [dbo].[GIO_HANG] ([ID_DH], [ID_SP], [SO_LUONG], [THANH_TIEN]) VALUES (65, 53, 3, 165000)
INSERT [dbo].[GIO_HANG] ([ID_DH], [ID_SP], [SO_LUONG], [THANH_TIEN]) VALUES (66, 10, 1, 9000)
INSERT [dbo].[GIO_HANG] ([ID_DH], [ID_SP], [SO_LUONG], [THANH_TIEN]) VALUES (66, 19, 1, 19000)
INSERT [dbo].[GIO_HANG] ([ID_DH], [ID_SP], [SO_LUONG], [THANH_TIEN]) VALUES (67, 5, 2, 20000)
INSERT [dbo].[GIO_HANG] ([ID_DH], [ID_SP], [SO_LUONG], [THANH_TIEN]) VALUES (67, 7, 3, 30000)
INSERT [dbo].[GIO_HANG] ([ID_DH], [ID_SP], [SO_LUONG], [THANH_TIEN]) VALUES (67, 20, 3, 63000)
INSERT [dbo].[GIO_HANG] ([ID_DH], [ID_SP], [SO_LUONG], [THANH_TIEN]) VALUES (67, 22, 2, 48000)
INSERT [dbo].[GIO_HANG] ([ID_DH], [ID_SP], [SO_LUONG], [THANH_TIEN]) VALUES (67, 32, 2, 134000)
INSERT [dbo].[GIO_HANG] ([ID_DH], [ID_SP], [SO_LUONG], [THANH_TIEN]) VALUES (68, 47, 5, 75000)
INSERT [dbo].[GIO_HANG] ([ID_DH], [ID_SP], [SO_LUONG], [THANH_TIEN]) VALUES (68, 55, 5, 275000)
INSERT [dbo].[GIO_HANG] ([ID_DH], [ID_SP], [SO_LUONG], [THANH_TIEN]) VALUES (69, 21, 4, 88000)
INSERT [dbo].[GIO_HANG] ([ID_DH], [ID_SP], [SO_LUONG], [THANH_TIEN]) VALUES (69, 63, 3, 15000)
INSERT [dbo].[GIO_HANG] ([ID_DH], [ID_SP], [SO_LUONG], [THANH_TIEN]) VALUES (70, 1, 1, 7000)
INSERT [dbo].[GIO_HANG] ([ID_DH], [ID_SP], [SO_LUONG], [THANH_TIEN]) VALUES (71, 15, 1, 14000)
INSERT [dbo].[GIO_HANG] ([ID_DH], [ID_SP], [SO_LUONG], [THANH_TIEN]) VALUES (71, 34, 4, 20000)
INSERT [dbo].[GIO_HANG] ([ID_DH], [ID_SP], [SO_LUONG], [THANH_TIEN]) VALUES (71, 45, 5, 30000)
INSERT [dbo].[GIO_HANG] ([ID_DH], [ID_SP], [SO_LUONG], [THANH_TIEN]) VALUES (71, 50, 2, 46000)
INSERT [dbo].[GIO_HANG] ([ID_DH], [ID_SP], [SO_LUONG], [THANH_TIEN]) VALUES (71, 55, 5, 275000)
INSERT [dbo].[GIO_HANG] ([ID_DH], [ID_SP], [SO_LUONG], [THANH_TIEN]) VALUES (71, 62, 1, 5000)
INSERT [dbo].[GIO_HANG] ([ID_DH], [ID_SP], [SO_LUONG], [THANH_TIEN]) VALUES (72, 14, 5, 130000)
INSERT [dbo].[GIO_HANG] ([ID_DH], [ID_SP], [SO_LUONG], [THANH_TIEN]) VALUES (72, 24, 1, 33000)
INSERT [dbo].[GIO_HANG] ([ID_DH], [ID_SP], [SO_LUONG], [THANH_TIEN]) VALUES (72, 31, 4, 36000)
INSERT [dbo].[GIO_HANG] ([ID_DH], [ID_SP], [SO_LUONG], [THANH_TIEN]) VALUES (72, 54, 3, 165000)
INSERT [dbo].[GIO_HANG] ([ID_DH], [ID_SP], [SO_LUONG], [THANH_TIEN]) VALUES (73, 10, 5, 45000)
INSERT [dbo].[GIO_HANG] ([ID_DH], [ID_SP], [SO_LUONG], [THANH_TIEN]) VALUES (73, 40, 5, 25000)
INSERT [dbo].[GIO_HANG] ([ID_DH], [ID_SP], [SO_LUONG], [THANH_TIEN]) VALUES (73, 44, 1, 8000)
INSERT [dbo].[GIO_HANG] ([ID_DH], [ID_SP], [SO_LUONG], [THANH_TIEN]) VALUES (73, 53, 4, 220000)
INSERT [dbo].[GIO_HANG] ([ID_DH], [ID_SP], [SO_LUONG], [THANH_TIEN]) VALUES (74, 15, 4, 56000)
INSERT [dbo].[GIO_HANG] ([ID_DH], [ID_SP], [SO_LUONG], [THANH_TIEN]) VALUES (74, 17, 2, 40000)
INSERT [dbo].[GIO_HANG] ([ID_DH], [ID_SP], [SO_LUONG], [THANH_TIEN]) VALUES (74, 33, 4, 20000)
INSERT [dbo].[GIO_HANG] ([ID_DH], [ID_SP], [SO_LUONG], [THANH_TIEN]) VALUES (74, 45, 1, 6000)
INSERT [dbo].[GIO_HANG] ([ID_DH], [ID_SP], [SO_LUONG], [THANH_TIEN]) VALUES (74, 52, 1, 55000)
INSERT [dbo].[GIO_HANG] ([ID_DH], [ID_SP], [SO_LUONG], [THANH_TIEN]) VALUES (74, 58, 1, 61000)
INSERT [dbo].[GIO_HANG] ([ID_DH], [ID_SP], [SO_LUONG], [THANH_TIEN]) VALUES (75, 8, 1, 10000)
INSERT [dbo].[GIO_HANG] ([ID_DH], [ID_SP], [SO_LUONG], [THANH_TIEN]) VALUES (75, 15, 4, 56000)
INSERT [dbo].[GIO_HANG] ([ID_DH], [ID_SP], [SO_LUONG], [THANH_TIEN]) VALUES (75, 16, 4, 64000)
INSERT [dbo].[GIO_HANG] ([ID_DH], [ID_SP], [SO_LUONG], [THANH_TIEN]) VALUES (75, 18, 3, 57000)
INSERT [dbo].[GIO_HANG] ([ID_DH], [ID_SP], [SO_LUONG], [THANH_TIEN]) VALUES (75, 22, 4, 96000)
INSERT [dbo].[GIO_HANG] ([ID_DH], [ID_SP], [SO_LUONG], [THANH_TIEN]) VALUES (75, 36, 1, 5000)
INSERT [dbo].[GIO_HANG] ([ID_DH], [ID_SP], [SO_LUONG], [THANH_TIEN]) VALUES (75, 63, 2, 10000)
INSERT [dbo].[GIO_HANG] ([ID_DH], [ID_SP], [SO_LUONG], [THANH_TIEN]) VALUES (76, 7, 1, 10000)
INSERT [dbo].[GIO_HANG] ([ID_DH], [ID_SP], [SO_LUONG], [THANH_TIEN]) VALUES (76, 26, 3, 54000)
INSERT [dbo].[GIO_HANG] ([ID_DH], [ID_SP], [SO_LUONG], [THANH_TIEN]) VALUES (77, 34, 5, 25000)
INSERT [dbo].[GIO_HANG] ([ID_DH], [ID_SP], [SO_LUONG], [THANH_TIEN]) VALUES (77, 40, 1, 5000)
INSERT [dbo].[GIO_HANG] ([ID_DH], [ID_SP], [SO_LUONG], [THANH_TIEN]) VALUES (78, 12, 3, 60000)
INSERT [dbo].[GIO_HANG] ([ID_DH], [ID_SP], [SO_LUONG], [THANH_TIEN]) VALUES (78, 14, 5, 130000)
INSERT [dbo].[GIO_HANG] ([ID_DH], [ID_SP], [SO_LUONG], [THANH_TIEN]) VALUES (78, 15, 3, 42000)
INSERT [dbo].[GIO_HANG] ([ID_DH], [ID_SP], [SO_LUONG], [THANH_TIEN]) VALUES (78, 23, 2, 38000)
INSERT [dbo].[GIO_HANG] ([ID_DH], [ID_SP], [SO_LUONG], [THANH_TIEN]) VALUES (78, 60, 5, 50000)
INSERT [dbo].[GIO_HANG] ([ID_DH], [ID_SP], [SO_LUONG], [THANH_TIEN]) VALUES (78, 64, 2, 10000)
INSERT [dbo].[GIO_HANG] ([ID_DH], [ID_SP], [SO_LUONG], [THANH_TIEN]) VALUES (79, 44, 4, 32000)
INSERT [dbo].[GIO_HANG] ([ID_DH], [ID_SP], [SO_LUONG], [THANH_TIEN]) VALUES (79, 50, 1, 23000)
INSERT [dbo].[GIO_HANG] ([ID_DH], [ID_SP], [SO_LUONG], [THANH_TIEN]) VALUES (80, 6, 2, 16000)
INSERT [dbo].[GIO_HANG] ([ID_DH], [ID_SP], [SO_LUONG], [THANH_TIEN]) VALUES (80, 43, 3, 45000)
INSERT [dbo].[GIO_HANG] ([ID_DH], [ID_SP], [SO_LUONG], [THANH_TIEN]) VALUES (81, 28, 4, 56000)
INSERT [dbo].[GIO_HANG] ([ID_DH], [ID_SP], [SO_LUONG], [THANH_TIEN]) VALUES (82, 7, 1, 10000)
INSERT [dbo].[GIO_HANG] ([ID_DH], [ID_SP], [SO_LUONG], [THANH_TIEN]) VALUES (82, 29, 2, 24000)
INSERT [dbo].[GIO_HANG] ([ID_DH], [ID_SP], [SO_LUONG], [THANH_TIEN]) VALUES (82, 30, 3, 33000)
INSERT [dbo].[GIO_HANG] ([ID_DH], [ID_SP], [SO_LUONG], [THANH_TIEN]) VALUES (82, 49, 3, 63000)
INSERT [dbo].[GIO_HANG] ([ID_DH], [ID_SP], [SO_LUONG], [THANH_TIEN]) VALUES (82, 59, 3, 45000)
INSERT [dbo].[GIO_HANG] ([ID_DH], [ID_SP], [SO_LUONG], [THANH_TIEN]) VALUES (82, 61, 3, 15000)
INSERT [dbo].[GIO_HANG] ([ID_DH], [ID_SP], [SO_LUONG], [THANH_TIEN]) VALUES (82, 64, 3, 15000)
INSERT [dbo].[GIO_HANG] ([ID_DH], [ID_SP], [SO_LUONG], [THANH_TIEN]) VALUES (83, 8, 1, 10000)
INSERT [dbo].[GIO_HANG] ([ID_DH], [ID_SP], [SO_LUONG], [THANH_TIEN]) VALUES (83, 21, 5, 110000)
INSERT [dbo].[GIO_HANG] ([ID_DH], [ID_SP], [SO_LUONG], [THANH_TIEN]) VALUES (83, 33, 3, 15000)
INSERT [dbo].[GIO_HANG] ([ID_DH], [ID_SP], [SO_LUONG], [THANH_TIEN]) VALUES (83, 34, 4, 20000)
INSERT [dbo].[GIO_HANG] ([ID_DH], [ID_SP], [SO_LUONG], [THANH_TIEN]) VALUES (83, 37, 1, 5000)
INSERT [dbo].[GIO_HANG] ([ID_DH], [ID_SP], [SO_LUONG], [THANH_TIEN]) VALUES (83, 43, 5, 75000)
INSERT [dbo].[GIO_HANG] ([ID_DH], [ID_SP], [SO_LUONG], [THANH_TIEN]) VALUES (83, 47, 3, 45000)
INSERT [dbo].[GIO_HANG] ([ID_DH], [ID_SP], [SO_LUONG], [THANH_TIEN]) VALUES (83, 53, 4, 220000)
INSERT [dbo].[GIO_HANG] ([ID_DH], [ID_SP], [SO_LUONG], [THANH_TIEN]) VALUES (84, 18, 1, 19000)
INSERT [dbo].[GIO_HANG] ([ID_DH], [ID_SP], [SO_LUONG], [THANH_TIEN]) VALUES (84, 30, 2, 22000)
INSERT [dbo].[GIO_HANG] ([ID_DH], [ID_SP], [SO_LUONG], [THANH_TIEN]) VALUES (84, 46, 4, 44000)
INSERT [dbo].[GIO_HANG] ([ID_DH], [ID_SP], [SO_LUONG], [THANH_TIEN]) VALUES (85, 2, 4, 40000)
INSERT [dbo].[GIO_HANG] ([ID_DH], [ID_SP], [SO_LUONG], [THANH_TIEN]) VALUES (85, 17, 4, 80000)
INSERT [dbo].[GIO_HANG] ([ID_DH], [ID_SP], [SO_LUONG], [THANH_TIEN]) VALUES (85, 23, 4, 76000)
INSERT [dbo].[GIO_HANG] ([ID_DH], [ID_SP], [SO_LUONG], [THANH_TIEN]) VALUES (85, 44, 1, 8000)
INSERT [dbo].[GIO_HANG] ([ID_DH], [ID_SP], [SO_LUONG], [THANH_TIEN]) VALUES (85, 51, 3, 165000)
INSERT [dbo].[GIO_HANG] ([ID_DH], [ID_SP], [SO_LUONG], [THANH_TIEN]) VALUES (85, 56, 1, 55000)
INSERT [dbo].[GIO_HANG] ([ID_DH], [ID_SP], [SO_LUONG], [THANH_TIEN]) VALUES (86, 2, 1, 10000)
INSERT [dbo].[GIO_HANG] ([ID_DH], [ID_SP], [SO_LUONG], [THANH_TIEN]) VALUES (86, 15, 1, 14000)
INSERT [dbo].[GIO_HANG] ([ID_DH], [ID_SP], [SO_LUONG], [THANH_TIEN]) VALUES (86, 18, 4, 76000)
INSERT [dbo].[GIO_HANG] ([ID_DH], [ID_SP], [SO_LUONG], [THANH_TIEN]) VALUES (86, 21, 2, 44000)
INSERT [dbo].[GIO_HANG] ([ID_DH], [ID_SP], [SO_LUONG], [THANH_TIEN]) VALUES (86, 38, 3, 15000)
INSERT [dbo].[GIO_HANG] ([ID_DH], [ID_SP], [SO_LUONG], [THANH_TIEN]) VALUES (86, 62, 2, 10000)
INSERT [dbo].[GIO_HANG] ([ID_DH], [ID_SP], [SO_LUONG], [THANH_TIEN]) VALUES (87, 8, 1, 10000)
INSERT [dbo].[GIO_HANG] ([ID_DH], [ID_SP], [SO_LUONG], [THANH_TIEN]) VALUES (87, 13, 1, 18000)
INSERT [dbo].[GIO_HANG] ([ID_DH], [ID_SP], [SO_LUONG], [THANH_TIEN]) VALUES (87, 26, 2, 36000)
INSERT [dbo].[GIO_HANG] ([ID_DH], [ID_SP], [SO_LUONG], [THANH_TIEN]) VALUES (87, 42, 4, 28000)
INSERT [dbo].[GIO_HANG] ([ID_DH], [ID_SP], [SO_LUONG], [THANH_TIEN]) VALUES (87, 61, 5, 25000)
INSERT [dbo].[GIO_HANG] ([ID_DH], [ID_SP], [SO_LUONG], [THANH_TIEN]) VALUES (87, 62, 4, 20000)
INSERT [dbo].[GIO_HANG] ([ID_DH], [ID_SP], [SO_LUONG], [THANH_TIEN]) VALUES (88, 1, 5, 35000)
INSERT [dbo].[GIO_HANG] ([ID_DH], [ID_SP], [SO_LUONG], [THANH_TIEN]) VALUES (88, 8, 5, 50000)
INSERT [dbo].[GIO_HANG] ([ID_DH], [ID_SP], [SO_LUONG], [THANH_TIEN]) VALUES (88, 28, 5, 70000)
INSERT [dbo].[GIO_HANG] ([ID_DH], [ID_SP], [SO_LUONG], [THANH_TIEN]) VALUES (88, 37, 4, 20000)
INSERT [dbo].[GIO_HANG] ([ID_DH], [ID_SP], [SO_LUONG], [THANH_TIEN]) VALUES (88, 54, 5, 275000)
INSERT [dbo].[GIO_HANG] ([ID_DH], [ID_SP], [SO_LUONG], [THANH_TIEN]) VALUES (88, 55, 3, 165000)
INSERT [dbo].[GIO_HANG] ([ID_DH], [ID_SP], [SO_LUONG], [THANH_TIEN]) VALUES (88, 59, 1, 15000)
INSERT [dbo].[GIO_HANG] ([ID_DH], [ID_SP], [SO_LUONG], [THANH_TIEN]) VALUES (89, 4, 4, 20000)
INSERT [dbo].[GIO_HANG] ([ID_DH], [ID_SP], [SO_LUONG], [THANH_TIEN]) VALUES (89, 17, 4, 80000)
INSERT [dbo].[GIO_HANG] ([ID_DH], [ID_SP], [SO_LUONG], [THANH_TIEN]) VALUES (89, 32, 4, 268000)
INSERT [dbo].[GIO_HANG] ([ID_DH], [ID_SP], [SO_LUONG], [THANH_TIEN]) VALUES (89, 34, 4, 20000)
INSERT [dbo].[GIO_HANG] ([ID_DH], [ID_SP], [SO_LUONG], [THANH_TIEN]) VALUES (89, 46, 4, 44000)
INSERT [dbo].[GIO_HANG] ([ID_DH], [ID_SP], [SO_LUONG], [THANH_TIEN]) VALUES (89, 48, 5, 125000)
INSERT [dbo].[GIO_HANG] ([ID_DH], [ID_SP], [SO_LUONG], [THANH_TIEN]) VALUES (89, 54, 4, 220000)
INSERT [dbo].[GIO_HANG] ([ID_DH], [ID_SP], [SO_LUONG], [THANH_TIEN]) VALUES (90, 12, 4, 80000)
INSERT [dbo].[GIO_HANG] ([ID_DH], [ID_SP], [SO_LUONG], [THANH_TIEN]) VALUES (90, 26, 4, 72000)
INSERT [dbo].[GIO_HANG] ([ID_DH], [ID_SP], [SO_LUONG], [THANH_TIEN]) VALUES (90, 57, 1, 70000)
INSERT [dbo].[GIO_HANG] ([ID_DH], [ID_SP], [SO_LUONG], [THANH_TIEN]) VALUES (90, 60, 2, 20000)
INSERT [dbo].[GIO_HANG] ([ID_DH], [ID_SP], [SO_LUONG], [THANH_TIEN]) VALUES (91, 16, 4, 64000)
INSERT [dbo].[GIO_HANG] ([ID_DH], [ID_SP], [SO_LUONG], [THANH_TIEN]) VALUES (91, 51, 1, 55000)
INSERT [dbo].[GIO_HANG] ([ID_DH], [ID_SP], [SO_LUONG], [THANH_TIEN]) VALUES (92, 1, 3, 21000)
INSERT [dbo].[GIO_HANG] ([ID_DH], [ID_SP], [SO_LUONG], [THANH_TIEN]) VALUES (92, 31, 4, 36000)
INSERT [dbo].[GIO_HANG] ([ID_DH], [ID_SP], [SO_LUONG], [THANH_TIEN]) VALUES (92, 55, 5, 275000)
INSERT [dbo].[GIO_HANG] ([ID_DH], [ID_SP], [SO_LUONG], [THANH_TIEN]) VALUES (93, 8, 4, 40000)
INSERT [dbo].[GIO_HANG] ([ID_DH], [ID_SP], [SO_LUONG], [THANH_TIEN]) VALUES (93, 17, 2, 40000)
INSERT [dbo].[GIO_HANG] ([ID_DH], [ID_SP], [SO_LUONG], [THANH_TIEN]) VALUES (93, 37, 3, 15000)
INSERT [dbo].[GIO_HANG] ([ID_DH], [ID_SP], [SO_LUONG], [THANH_TIEN]) VALUES (93, 54, 4, 220000)
INSERT [dbo].[GIO_HANG] ([ID_DH], [ID_SP], [SO_LUONG], [THANH_TIEN]) VALUES (94, 35, 4, 20000)
INSERT [dbo].[GIO_HANG] ([ID_DH], [ID_SP], [SO_LUONG], [THANH_TIEN]) VALUES (94, 54, 1, 55000)
INSERT [dbo].[GIO_HANG] ([ID_DH], [ID_SP], [SO_LUONG], [THANH_TIEN]) VALUES (95, 17, 3, 60000)
INSERT [dbo].[GIO_HANG] ([ID_DH], [ID_SP], [SO_LUONG], [THANH_TIEN]) VALUES (95, 56, 3, 165000)
INSERT [dbo].[GIO_HANG] ([ID_DH], [ID_SP], [SO_LUONG], [THANH_TIEN]) VALUES (95, 60, 2, 20000)
INSERT [dbo].[GIO_HANG] ([ID_DH], [ID_SP], [SO_LUONG], [THANH_TIEN]) VALUES (95, 62, 4, 20000)
INSERT [dbo].[GIO_HANG] ([ID_DH], [ID_SP], [SO_LUONG], [THANH_TIEN]) VALUES (96, 19, 2, 38000)
INSERT [dbo].[GIO_HANG] ([ID_DH], [ID_SP], [SO_LUONG], [THANH_TIEN]) VALUES (96, 26, 1, 18000)
INSERT [dbo].[GIO_HANG] ([ID_DH], [ID_SP], [SO_LUONG], [THANH_TIEN]) VALUES (96, 27, 1, 14000)
INSERT [dbo].[GIO_HANG] ([ID_DH], [ID_SP], [SO_LUONG], [THANH_TIEN]) VALUES (97, 32, 5, 335000)
INSERT [dbo].[GIO_HANG] ([ID_DH], [ID_SP], [SO_LUONG], [THANH_TIEN]) VALUES (98, 2, 4, 40000)
INSERT [dbo].[GIO_HANG] ([ID_DH], [ID_SP], [SO_LUONG], [THANH_TIEN]) VALUES (98, 48, 2, 50000)
INSERT [dbo].[GIO_HANG] ([ID_DH], [ID_SP], [SO_LUONG], [THANH_TIEN]) VALUES (98, 57, 2, 140000)
INSERT [dbo].[GIO_HANG] ([ID_DH], [ID_SP], [SO_LUONG], [THANH_TIEN]) VALUES (99, 2, 5, 50000)
INSERT [dbo].[GIO_HANG] ([ID_DH], [ID_SP], [SO_LUONG], [THANH_TIEN]) VALUES (99, 11, 5, 40000)
INSERT [dbo].[GIO_HANG] ([ID_DH], [ID_SP], [SO_LUONG], [THANH_TIEN]) VALUES (99, 42, 2, 14000)
INSERT [dbo].[GIO_HANG] ([ID_DH], [ID_SP], [SO_LUONG], [THANH_TIEN]) VALUES (100, 9, 1, 8000)
INSERT [dbo].[GIO_HANG] ([ID_DH], [ID_SP], [SO_LUONG], [THANH_TIEN]) VALUES (100, 12, 5, 100000)
INSERT [dbo].[GIO_HANG] ([ID_DH], [ID_SP], [SO_LUONG], [THANH_TIEN]) VALUES (100, 29, 4, 48000)
INSERT [dbo].[GIO_HANG] ([ID_DH], [ID_SP], [SO_LUONG], [THANH_TIEN]) VALUES (100, 43, 3, 45000)
INSERT [dbo].[GIO_HANG] ([ID_DH], [ID_SP], [SO_LUONG], [THANH_TIEN]) VALUES (100, 51, 4, 220000)
INSERT [dbo].[GIO_HANG] ([ID_DH], [ID_SP], [SO_LUONG], [THANH_TIEN]) VALUES (100, 62, 2, 10000)
INSERT [dbo].[GIO_HANG] ([ID_DH], [ID_SP], [SO_LUONG], [THANH_TIEN]) VALUES (101, 57, 2, 140000)
INSERT [dbo].[GIO_HANG] ([ID_DH], [ID_SP], [SO_LUONG], [THANH_TIEN]) VALUES (101, 61, 5, 25000)
INSERT [dbo].[GIO_HANG] ([ID_DH], [ID_SP], [SO_LUONG], [THANH_TIEN]) VALUES (101, 62, 1, 5000)
INSERT [dbo].[GIO_HANG] ([ID_DH], [ID_SP], [SO_LUONG], [THANH_TIEN]) VALUES (102, 9, 3, 24000)
INSERT [dbo].[GIO_HANG] ([ID_DH], [ID_SP], [SO_LUONG], [THANH_TIEN]) VALUES (102, 16, 2, 32000)
INSERT [dbo].[GIO_HANG] ([ID_DH], [ID_SP], [SO_LUONG], [THANH_TIEN]) VALUES (102, 25, 5, 115000)
INSERT [dbo].[GIO_HANG] ([ID_DH], [ID_SP], [SO_LUONG], [THANH_TIEN]) VALUES (102, 48, 4, 100000)
INSERT [dbo].[GIO_HANG] ([ID_DH], [ID_SP], [SO_LUONG], [THANH_TIEN]) VALUES (103, 17, 2, 40000)
INSERT [dbo].[GIO_HANG] ([ID_DH], [ID_SP], [SO_LUONG], [THANH_TIEN]) VALUES (103, 52, 5, 275000)
INSERT [dbo].[GIO_HANG] ([ID_DH], [ID_SP], [SO_LUONG], [THANH_TIEN]) VALUES (103, 57, 5, 350000)
INSERT [dbo].[GIO_HANG] ([ID_DH], [ID_SP], [SO_LUONG], [THANH_TIEN]) VALUES (104, 1, 1, 7000)
INSERT [dbo].[GIO_HANG] ([ID_DH], [ID_SP], [SO_LUONG], [THANH_TIEN]) VALUES (105, 53, 5, 275000)
INSERT [dbo].[GIO_HANG] ([ID_DH], [ID_SP], [SO_LUONG], [THANH_TIEN]) VALUES (105, 58, 5, 305000)
INSERT [dbo].[GIO_HANG] ([ID_DH], [ID_SP], [SO_LUONG], [THANH_TIEN]) VALUES (106, 14, 2, 52000)
INSERT [dbo].[GIO_HANG] ([ID_DH], [ID_SP], [SO_LUONG], [THANH_TIEN]) VALUES (106, 49, 2, 42000)
INSERT [dbo].[GIO_HANG] ([ID_DH], [ID_SP], [SO_LUONG], [THANH_TIEN]) VALUES (106, 60, 2, 20000)
INSERT [dbo].[GIO_HANG] ([ID_DH], [ID_SP], [SO_LUONG], [THANH_TIEN]) VALUES (107, 2, 4, 40000)
INSERT [dbo].[GIO_HANG] ([ID_DH], [ID_SP], [SO_LUONG], [THANH_TIEN]) VALUES (107, 58, 3, 183000)
INSERT [dbo].[GIO_HANG] ([ID_DH], [ID_SP], [SO_LUONG], [THANH_TIEN]) VALUES (108, 12, 5, 100000)
INSERT [dbo].[GIO_HANG] ([ID_DH], [ID_SP], [SO_LUONG], [THANH_TIEN]) VALUES (108, 21, 2, 44000)
INSERT [dbo].[GIO_HANG] ([ID_DH], [ID_SP], [SO_LUONG], [THANH_TIEN]) VALUES (108, 47, 4, 60000)
INSERT [dbo].[GIO_HANG] ([ID_DH], [ID_SP], [SO_LUONG], [THANH_TIEN]) VALUES (108, 53, 1, 55000)
INSERT [dbo].[GIO_HANG] ([ID_DH], [ID_SP], [SO_LUONG], [THANH_TIEN]) VALUES (108, 55, 4, 220000)
INSERT [dbo].[GIO_HANG] ([ID_DH], [ID_SP], [SO_LUONG], [THANH_TIEN]) VALUES (109, 32, 5, 335000)
INSERT [dbo].[GIO_HANG] ([ID_DH], [ID_SP], [SO_LUONG], [THANH_TIEN]) VALUES (109, 36, 5, 25000)
INSERT [dbo].[GIO_HANG] ([ID_DH], [ID_SP], [SO_LUONG], [THANH_TIEN]) VALUES (109, 49, 1, 21000)
INSERT [dbo].[GIO_HANG] ([ID_DH], [ID_SP], [SO_LUONG], [THANH_TIEN]) VALUES (109, 58, 1, 61000)
INSERT [dbo].[GIO_HANG] ([ID_DH], [ID_SP], [SO_LUONG], [THANH_TIEN]) VALUES (110, 3, 5, 50000)
INSERT [dbo].[GIO_HANG] ([ID_DH], [ID_SP], [SO_LUONG], [THANH_TIEN]) VALUES (110, 4, 5, 25000)
INSERT [dbo].[GIO_HANG] ([ID_DH], [ID_SP], [SO_LUONG], [THANH_TIEN]) VALUES (110, 24, 4, 132000)